,Team,Adj OE,Adj DE,Barthag,Record,Wins,Games,eFG,eFG D.,FT Rate,FT Rate D,TOV%,TOV% D,O Reb%,Op OReb%,Raw T,2P %,2P % D.,3P %,3P % D.,Blk %,Blked %,Ast %,Op Ast %,3P Rate,3P Rate D,Adj. T,Avg Hgt.,Eff. Hgt.,Exp.,Year,PAKE,PASE,Talent,,FT%,Op. FT%,PPP Off.,PPP Def.,Elite SOS,Team
1,Michigan,126.481,89.81,0.981,11–0,11,11,61.6,41.3,36.6,24.5,16.5,17.7,35,26.4,74.9,64.1,38.6,38.9,30.2,16.3,7.3,63.8,42.2,43.6,40.9,74.68,78.579,82.532,1.885,"2,026",0,0,67.912,,71.6,70.2,1.257,0.871,26.521,Michigan
2,Connecticut,121.691,91.641,0.963,12–1,12,13,55.8,41.7,30.6,40.8,16,19.4,34.1,28.1,67.5,58.2,42.9,34.4,26.2,17.1,8.8,62.1,40.8,36.4,34.8,66.422,78.299,81.41,2.077,"2,026",0,0,81.089,,69.8,73.4,1.163,0.905,31.151,Connecticut
3,Arizona,122.533,92.409,0.962,11–0,11,11,56.6,44.1,41.8,32,17.3,18.9,42.1,25.7,72.1,57.5,42.6,36.3,31.2,10.6,9.3,58.5,48.6,28.6,35.6,71.797,79.072,81.791,1.403,"2,026",0,0,71.899,,72.3,66.7,1.221,0.907,29.934,Arizona
4,Houston,121.547,91.694,0.962,11–1,11,12,53.1,43.9,25.3,40.4,14.3,23,38.2,31.3,65.9,53.4,45.3,35.1,27.8,13.7,6.1,59.8,46.7,42.3,40.6,64.652,77.848,80.739,1.561,"2,026",0,0,81.405,,75.1,66.5,1.194,0.902,20.227,Houston
5,Vanderbilt,127.296,96.095,0.962,12–0,12,12,59.3,44.8,37.4,46.2,14.3,19.9,32.8,26.5,74.3,62.6,45.7,37,29,14.7,4.9,60.4,45.2,46.7,40.3,71.595,77.085,79.894,2.463,"2,026",0,0,38.359,,76,76.6,1.254,0.962,21.998,Vanderbilt
6,Gonzaga,124.48,94.321,0.96,12–1,12,13,57.8,45.4,31.6,35.5,13.8,20.6,37.2,24.2,73.9,58.9,48.2,36.8,28,11.1,6.8,57.5,53.9,31,45.5,71.607,78.134,80.938,2.197,"2,026",0,0,35.466,,71.9,68.9,1.249,0.913,29.252,Gonzaga
7,Iowa St.,123.48,94.036,0.958,12–0,12,12,60.9,48.2,33.4,24.8,14.6,25.7,36.7,28.6,71,60,48.3,41.6,32.1,10,6.6,56.1,54.8,35.8,39.1,70.716,78.119,81.354,1.955,"2,026",0,0,48.062,,68.5,66.3,1.275,0.888,23.229,Iowa St.
8,Duke,122.367,93.318,0.958,11–1,11,12,58.6,42.1,41.4,24.3,15.9,18.7,36.6,26.3,70.9,63.5,42.9,35.3,27.4,13,6.3,61.9,53,46.7,43,69.863,79.435,81.496,0.894,"2,026",0,0,90.678,,70.3,71.1,1.23,0.883,28.355,Duke
9,Purdue,127.119,97.083,0.957,11–1,11,12,58.7,47,27.4,20.9,15.5,15.5,42.1,28.2,67,57.9,47.9,40.1,30.6,11.9,6.9,65.2,55.6,38.9,45.2,65.647,77.749,82.4,1.954,"2,026",0,0,57.943,,75.2,68.8,1.267,0.992,25.79,Purdue
10,Michigan St.,118.386,92.463,0.945,11–1,11,12,52.1,45.5,34.2,29.5,17.5,16.8,41.1,22.7,67.3,51.4,45.3,35.7,30.5,16.9,7.5,69.7,54.8,33.7,44.7,66.34,78.44,81.694,1.875,"2,026",0,0,66.745,,74.1,73.4,1.159,0.941,25.098,Michigan St.
11,Alabama,129.255,101.342,0.943,9–3,9,12,56.2,47.6,35.2,32,13.7,14.4,32.2,34,76.7,60.1,47.8,35.2,31.5,15.7,8.5,54.3,47.9,52,35.5,74.398,78.304,81.522,1.441,"2,026",0,0,73.53,,76.1,68,1.224,1.068,35.907,Alabama
12,Louisville,125.282,98.577,0.94,10–2,10,12,57.5,44.4,39.3,32.6,15.7,19.1,35.4,26.6,73.7,61.8,43.9,36,30.1,9.2,11.5,63.6,47.3,55.4,38.7,71.924,78.311,81.753,2.131,"2,026",0,0,41.377,,76.5,72.2,1.243,0.925,24.222,Louisville
13,Kansas,117.096,92.369,0.939,9–3,9,12,52.3,41.8,34.4,27.5,15.6,13.2,29.2,28.2,66.8,52.9,46.1,34.2,24.1,17.9,8.2,56.5,48.5,38.2,43.2,67.361,78.127,80.715,1.652,"2,026",0,0,54.237,,74.3,66,1.106,0.94,35.004,Kansas
14,Tennessee,120.372,95.042,0.938,9–3,9,12,54.2,44.5,34.5,32,18.3,18.4,44.7,28.6,69.1,55.4,46.5,34.6,28.1,11.5,9.2,64,45.3,35.5,45.6,67.729,78.348,82.209,1.597,"2,026",0,0,58.091,,71.5,67,1.189,0.933,26.056,Tennessee
15,Illinois,125.834,99.729,0.935,8–3,8,11,55.6,48,35.7,20.9,13.6,12.5,38,26.3,70,59.6,46.9,34,33.2,13.3,8.5,47.6,48.8,45.8,39.7,68.56,79.502,82.962,1.585,"2,026",0,0,64.647,,78.2,69.1,1.255,1.022,31.475,Illinois
16,BYU,122.879,97.414,0.935,11–1,11,12,57,46,36.1,24.1,14.5,19.1,33.3,28.6,70.1,58.3,45.3,36.6,31.2,13.3,7.7,49.6,52.6,39,41.2,71.071,78.066,80.866,1.589,"2,026",0,0,44.934,,74.9,64.2,1.22,0.933,25.243,BYU
17,Florida,119.494,94.906,0.934,8–4,8,12,51.6,45.4,42,34.4,18.7,15.7,43.8,24,73.1,58.6,45.1,28.2,30.6,12.1,8.7,53.3,46.1,42.5,33.4,70.837,78.878,83.03,1.919,"2,026",0,0,41.399,,71.2,70.6,1.154,0.962,30.913,Florida
18,Iowa,121.342,96.746,0.931,10–2,10,12,60.8,47.4,40.4,39.6,15.6,24.2,32.3,29,64.7,61.6,48.6,39.8,30.4,7.1,7.5,61.5,46.1,39.7,38.1,64.311,78.454,80.849,1.737,"2,026",0,0,14.006,,73.3,69.1,1.245,0.926,20.699,Iowa
19,St. John's,119.978,95.768,0.93,7–4,7,11,53,46.1,47.3,27.6,17.5,21,37.4,35.6,74.3,54,46.7,34.1,30,13.2,9.2,56.2,45.4,36.7,33.9,71.586,78.147,80.41,2.23,"2,026",0,0,68.489,,74.1,75,1.155,0.979,27.459,St. John's
20,Indiana,119.178,96.268,0.921,9–3,9,12,57.7,43.8,38.1,36.7,15.2,17.7,29.7,27.4,70.7,61.5,42.7,36,30.7,7.4,11.2,68.8,43.2,50.7,32.2,69.527,78.026,80.475,2.547,"2,026",0,0,26.96,,76.2,73.4,1.203,0.942,18.654,Indiana
21,North Carolina,118.327,96.898,0.909,11–1,11,12,53.9,42.3,39.9,23.6,14.4,13.2,34.6,26.5,68.7,57.7,41.3,32.5,29.5,9.8,9.6,61.3,46.8,42.6,34.6,67.826,79.486,82.776,1.412,"2,026",0,0,60.342,,68.9,71.7,1.164,0.941,22.16,North Carolina
22,Arkansas,122.266,100.276,0.907,9–3,9,12,56,48.3,40.5,26,13.4,16.2,32.8,31.3,73.4,55,50.9,38.3,30,12,5.4,57.8,53,38.1,42.8,72.442,78.382,81.164,1.422,"2,026",0,0,80.171,,75.4,67.3,1.219,1.02,28.636,Arkansas
23,Kentucky,118.09,96.858,0.907,8–4,8,12,54.2,44.3,32.5,31.3,14.5,16.8,34.4,25.5,70.6,58.6,45.4,31.8,28.4,13.2,7.3,59.3,60.9,40.7,41.8,69.617,78.747,81.911,1.482,"2,026",0,0,84.567,,75.2,72.8,1.186,0.939,30.465,Kentucky
24,Nebraska,119.211,97.847,0.906,12–0,12,12,57,45.7,29,21.3,13.5,18,27.2,27.5,70.5,61.7,46.3,34.9,30.1,8.4,9.5,64.3,57.7,50.1,51.2,69.45,77.689,80.706,2.266,"2,026",0,0,42.62,,74.3,73.8,1.182,0.952,18.78,Nebraska
25,N.C. State,122.331,100.561,0.905,9–4,9,13,58.2,50.2,35.3,39.2,14.2,19.6,29.8,25.8,71.1,57.8,51.5,39.1,32.6,10.6,9.3,57.4,53.5,46.3,48.6,71.101,77.799,79.645,2.185,"2,026",0,0,59.265,,76,70.4,1.231,1.006,22.433,N.C. State
26,Virginia,123.934,101.906,0.905,10–1,10,11,57.3,45.3,40.6,36.6,14.9,17.4,41.7,31.4,67.9,55.5,43.9,39.7,32,18.1,6.4,57.7,47.5,44.2,34.2,67.866,77.981,82.139,1.649,"2,026",0,0,54.512,,68.6,71.4,1.273,1,15.069,Virginia
27,Georgia,120.562,99.998,0.896,10–1,10,11,57,45,42.2,28.2,14.7,21.3,38,31.5,78.1,65,44.3,31.3,30.8,18.9,7.8,50.7,46.9,44.8,36.4,76.748,77.552,81.478,1.581,"2,026",0,0,60.025,,77.5,63.1,1.261,0.908,11.912,Georgia
28,UCLA,121.593,101.18,0.892,9–3,9,12,55.9,49,37.1,35.3,15.2,20.5,32.5,32.3,68,53.5,50.4,40.3,31.5,11.6,6.5,59.1,58.9,35.2,43.3,66.224,78.127,81.439,2.382,"2,026",0,0,68.479,,75.4,74.6,1.183,1.019,22.417,UCLA
29,Saint Mary's,115.878,96.58,0.89,9–2,9,11,52.6,45.5,42.2,26.8,18,16.1,37.9,26,68.7,52.2,45.7,35.7,30,8.6,7.6,54.5,50.6,34.2,36.7,68.425,78.592,82.308,1.416,"2,026",0,0,32.846,,81,74.7,1.15,0.974,20.618,Saint Mary's
30,Clemson,117.845,98.838,0.883,10–3,10,13,52.9,45.6,39.5,33.3,13.6,16.2,33.4,25.5,67.1,54.6,49.1,33.6,27.3,8.1,11.1,54.7,44.4,42.6,43.3,65.512,78.082,81.567,2.18,"2,026",0,0,46.692,,73.9,71.8,1.175,0.971,22.829,Clemson
31,Utah St.,118.568,99.494,0.883,9–1,9,10,57.7,48.9,37.8,39.9,17.3,23.5,37.6,30.7,68.9,59.4,49,36.4,32.5,9.9,10.4,58.7,46.4,36.4,46,69.985,77.538,80.837,2.232,"2,026",0,0,22.529,,70.7,69.9,1.196,0.974,16.954,Utah St.
32,Texas Tech,122.26,102.735,0.881,9–3,9,12,55.3,51.5,32,31.8,14.3,16.7,35,30.2,70,54.9,52,37.2,33.7,8.8,8.4,52.5,41.8,45.3,33.8,67.936,77.087,79.465,1.648,"2,026",0,0,40.65,,66.7,66.4,1.193,1.065,31.594,Texas Tech
33,LSU,120.481,101.734,0.875,10–1,10,11,57.6,47.2,43.1,29.1,15.4,15.4,33.9,28.2,70,61.6,46.1,33.5,32.5,11.3,6.9,51.2,43.2,35,40.4,68.84,78.437,81.587,2.316,"2,026",0,0,40.085,,76.8,62.8,1.237,0.99,13.265,LSU
34,Saint Louis,118.288,99.894,0.875,11–1,11,12,59.1,43.2,37.4,36.7,17.5,16.9,37.1,23.8,75,61.5,43.4,37.4,28.6,7.8,10.1,57.9,47.5,43.6,40.7,74.018,77.61,80.397,1.894,"2,026",0,0,21.914,,78.4,72,1.237,0.925,10.991,Saint Louis
35,Miami FL,117.355,99.462,0.87,11–2,11,13,58.3,47.1,36.8,32.5,16.1,20.7,39.8,28.1,72.5,59.9,44.6,36.6,33.8,11,9.9,60.1,55.2,32.5,41.9,71.635,78.476,81.355,1.581,"2,026",0,0,77.48,,66.3,64.5,1.235,0.934,15.577,Miami FL
36,Ohio St.,119.372,101.72,0.863,8–3,8,11,57,48.2,40.5,31.4,15,16.4,31.3,27.4,69.9,61.5,50.1,33.7,30.3,6,6,57.8,51.6,41.1,40.7,69.548,77.755,81.768,1.862,"2,026",0,0,62.17,,78.3,71.6,1.204,1.018,21.313,Ohio St.
37,Villanova,119.231,101.658,0.862,9–2,9,11,55.2,51.8,29.8,28,15.2,19.8,38.6,30.1,65.3,55.4,48.2,36.7,38.5,6.3,6.8,57.7,52.9,47.5,37.6,63.74,77.668,80.815,1.557,"2,026",0,0,65.693,,69.5,64,1.212,1.029,21.489,Villanova
38,USC,118.519,101.276,0.859,11–1,11,12,55.4,46.8,53.3,34.7,16.6,18.8,32.6,32.8,73.1,54.9,48.7,37.5,29.4,16.7,7.4,57.6,50,35.2,41.1,71.759,79.036,82.064,2.208,"2,026",0,0,35.009,,74.2,77.3,1.172,1.013,18.503,USC
39,Baylor,125.16,107.292,0.855,9–2,9,11,57.2,48.8,38.8,27,14.9,16.8,41.7,31.4,73,57.2,48.4,38.1,33,10.9,7.2,54.2,44.6,37.6,32.9,71.006,77.282,79.559,1.997,"2,026",0,0,48.588,,75.7,77,1.273,1.043,18.836,Baylor
40,Texas,118.979,102.561,0.847,7–4,7,11,54.2,47.3,48.7,37.4,15,15.3,37.9,24.8,70.1,56.8,45.3,33.3,34.3,7.9,7.3,46.8,45.7,38.4,33.2,68.977,78.167,81.388,2.217,"2,026",0,0,52.741,,71.8,71.3,1.205,1.008,25.225,Texas
41,Auburn,122.331,105.515,0.846,8–4,8,12,53.5,51.7,45.2,27,15.4,17.6,38.8,32.4,69.9,55.5,52.2,33.7,34,11.8,9.7,48.7,53.9,40.3,41,69.33,78.281,80.711,1.389,"2,026",0,0,46.399,,73.3,79.7,1.192,1.1,37.801,Auburn
42,Boise St.,113.813,98.198,0.845,7–3,7,10,50.2,49.5,43.2,37.9,17.6,16.2,32.4,23.1,68.7,47.9,51,35.7,31.1,3.9,10.1,51.9,44.9,40,34.5,67.358,78.791,80.892,2.056,"2,026",0,0,31.442,,75.2,69.4,1.084,1.005,27.396,Boise St.
43,Seton Hall,111.472,96.28,0.844,11–1,11,12,51.4,45.4,36.5,43.5,15.9,23.7,34.7,30.6,67.5,51.7,43.3,33.8,32.3,20.6,7.8,56,54.2,30.3,41.4,66.669,76.327,79.775,1.99,"2,026",0,0,27.166,,75,70,1.129,0.92,16.501,Seton Hall
44,Texas A&M,118.333,102.299,0.842,9–3,9,12,57.8,52,41.4,33.5,16.2,21.6,35.8,28.5,75.6,58,52.2,38.4,34.5,9,10.2,70.2,63.2,47,42.7,73.686,77.361,80.862,2.393,"2,026",0,0,29.647,,75.2,71.8,1.244,1.005,13.42,Texas A&M
45,Missouri,119.866,103.897,0.838,10–2,10,12,60.5,49.1,39.5,32.8,18.9,18.7,39.7,27.2,70.1,63.1,45.1,37.4,35.8,11.1,6.5,50.3,51.6,36.5,46.2,69.11,79.03,82.469,2.316,"2,026",0,0,62.014,,68,71.7,1.238,0.996,12.641,Missouri
46,Creighton,115.262,100.033,0.836,7–5,7,12,54.2,47.7,26,20.9,16.9,14.5,31.1,30.7,68.9,56.7,46.8,34.4,33.1,7.3,11.8,61.3,46.8,48.8,31.3,66.799,78.576,81.072,1.897,"2,026",0,0,53.736,,74.1,66.7,1.122,1.023,29.304,Creighton
47,SMU,119.106,103.74,0.83,10–2,10,12,55,49,37.5,33,15.5,19.2,35.9,31.5,73.7,57.8,51.2,33.1,30.7,10,7.2,56.7,57.8,33.2,42.3,70.092,77.886,81.73,2.125,"2,026",0,0,43.161,,76.9,72.2,1.189,1.031,20.618,SMU
48,Wisconsin,116.667,101.887,0.826,7–4,7,11,52.8,51.5,32.5,32.9,15.1,16.8,31.6,25.3,71.7,54.9,50.5,33.8,35.3,9.7,11.8,56.3,50.5,50.4,40.5,70.852,79.043,82.779,1.823,"2,026",0,0,35.978,,79.3,71.3,1.152,1.042,23.199,Wisconsin
49,VCU,115.91,101.641,0.819,8–4,8,12,54.6,47,44.3,36.4,17.2,18.9,36.3,31.8,71.7,53.7,44.3,37.1,34.9,12.2,9.6,56.3,51.2,46.8,33.1,70.402,77.797,81.084,1.71,"2,026",0,0,24.733,,72,74.1,1.192,0.999,22.306,VCU
50,UCF,120.075,105.342,0.818,10–1,10,11,56.8,49.5,32.2,37,16.7,17.9,42.8,27.9,71.4,54.7,49,40.4,33.5,9.7,8.5,55.1,51.3,35.3,44.2,69.905,78.618,81.86,2.432,"2,026",0,0,39.575,,74.6,76.5,1.241,1.042,15.837,UCF
51,Santa Clara,116.782,102.55,0.817,8–4,8,12,51.5,50.5,26,42.6,17.8,19.9,40.7,31.8,69.5,54.8,52.5,31.6,31.4,14.3,10.5,61.8,60.3,45.3,38,70.102,78.365,81.815,1.433,"2,026",0,0,20.745,,69.5,76.7,1.134,1.034,17.839,Santa Clara
52,West Virginia,111.42,97.929,0.815,8–4,8,12,52.1,46.1,43,29.2,16.2,20.6,32.8,25,65.3,51.8,43,35.1,34.5,10.2,8.9,55.4,54.1,41.7,36,64.927,76.947,80.898,2.406,"2,026",0,0,21.878,,68.4,72.9,1.13,0.913,13.121,West Virginia
53,Butler,116.028,102.081,0.813,9–3,9,12,53.3,47.8,43.4,22.3,16.3,16.1,38.6,30.6,72,53.2,48.4,35.6,31.1,9.3,13.4,56.3,48.3,36.6,32,70.646,78.05,80.93,1.809,"2,026",0,0,48.205,,67.5,72.1,1.16,1.018,23.837,Butler
54,San Diego St.,113.305,99.973,0.808,6–4,6,10,52.6,50.3,35.9,36.9,18.8,21.2,32.4,34.4,69.4,49.7,49.3,38.7,34.3,15.7,6.5,59.4,57.6,34.6,47.2,68.565,78.286,81.048,1.731,"2,026",0,0,49.711,,75.5,72,1.097,1.036,26.414,San Diego St.
55,Wake Forest,114.344,101.396,0.799,9–4,9,13,52.8,50,37.6,36.9,16.4,21.3,34.4,31.5,72.8,54.7,54.3,33.5,30.3,12.5,8,54.7,60.6,42.9,48.6,70.981,77.895,80.006,2.054,"2,026",0,0,35.42,,75.8,72.6,1.141,1.011,22.101,Wake Forest
56,Washington,114.484,101.55,0.799,7–4,7,11,50.2,47.3,38,36.1,15.5,15.5,38.8,27.2,70.7,50,47.3,33.8,31.6,10.9,11.1,48.7,49.8,32.3,37,68.737,77.477,81.448,1.438,"2,026",0,0,76.202,,76.1,71.4,1.147,1.01,22.582,Washington
57,TCU,110.81,98.322,0.798,9–3,9,12,51.3,48.2,37.8,28.4,16.2,21.9,34,26.4,69.2,53,47.3,32.4,33.1,15.5,8.4,56.2,63.8,38.5,39.3,67.817,76.298,79.114,1.757,"2,026",0,0,53.011,,72.6,69.5,1.107,0.926,18.435,TCU
58,Oklahoma,118.878,105.709,0.794,8–3,8,11,54,49.5,34.2,29.7,13.6,16.4,35.1,29.8,70.8,57.3,45.6,33.4,37,10.7,9.6,54.8,54.5,46.7,39.1,67.562,77.222,81.249,2.14,"2,026",0,0,55.949,,73,73.6,1.202,1.05,22.873,Oklahoma
59,Akron,123.349,109.731,0.793,8–3,8,11,60.8,52.2,31.5,31.1,13.5,18.4,35.2,34.1,73.2,60.7,51.7,40.6,35.2,8.4,9.1,58.2,52.9,40.3,43.6,73.042,75.519,78.563,2.37,"2,026",0,0,12.521,,75.1,72.4,1.289,1.097,15.532,Akron
60,Kansas St.,117.802,104.846,0.792,8–4,8,12,58.2,49.6,31.1,32.4,17.5,17.7,35.1,30.5,74.3,55.6,50,41.2,32.7,12.1,8.8,60.8,55.6,41.7,40.6,73.679,77.641,80.761,2.141,"2,026",0,0,33.017,,71.3,72.1,1.185,1.037,22.361,Kansas St.
61,California,113.504,101.212,0.789,11–1,11,12,56.4,45.7,39.5,30.9,15.1,18.5,28.9,29.8,69.5,54.2,46.3,39.6,29.8,11.6,8.7,57.2,54.5,41.4,37.2,68.399,77.415,80.781,2.317,"2,026",0,0,60.127,,77.2,65.9,1.183,0.954,11.34,California
62,Oklahoma St.,117.286,104.602,0.789,11–1,11,12,55.5,49.4,39.4,33.1,17.7,16.9,33.1,27.6,77.4,58.2,50.4,33.7,32.1,9.3,9.4,51.8,58.5,35.4,47.1,74.465,77.657,81.019,1.813,"2,026",0,0,45.096,,74.7,69.5,1.166,1.013,12.449,Oklahoma St.
63,Northwestern,115.924,103.432,0.788,7–5,7,12,54.5,46.1,39.5,34,13.8,17.4,31.2,33.8,68.8,58,48.6,31.8,28.3,10.5,5.8,64.4,59.7,33.8,40.4,68.069,77.521,80.869,1.557,"2,026",0,0,40.475,,74.6,73.8,1.171,1.02,20.208,Northwestern
64,Oregon,116.879,104.368,0.786,6–6,6,12,51,50.4,40.4,32.1,18.6,16.8,38.1,30.8,69.8,51.3,50.9,33.8,33.1,11.7,8.2,59.2,50,44.9,38.9,68.869,78.61,82.375,2.34,"2,026",0,0,54.174,,72.9,79,1.118,1.076,25.37,Oregon
65,Dayton,112.286,100.417,0.783,9–4,9,13,53.3,51.4,48.1,32.1,16.4,23.4,27.3,28.9,70.2,56.8,47.5,32.5,38.1,13.4,11.2,57,50.9,43.8,39.8,69.275,77.589,81.318,2.2,"2,026",0,0,12.041,,73.2,69.4,1.113,0.983,17.138,Dayton
66,South Florida,115.953,103.8,0.781,7–5,7,12,50.9,50.8,43.4,43.2,15.4,21,38.8,33.5,75.7,52.9,49,32.2,35.7,12.3,13.5,57.3,52.3,43.5,39,73.183,77.135,79.725,2.182,"2,026",0,0,32.434,,74.6,71,1.169,1.055,22.653,South Florida
67,McNeese St.,112.971,101.145,0.781,8–2,8,10,54.1,48.1,37,39.5,15.5,25.8,36.1,37.9,67.9,55.5,45.5,34.2,34,16.6,8.2,50.5,59.5,33,48.6,67.713,77.187,79.844,1.939,"2,026",0,0,47.487,,76.4,71.8,1.174,0.99,15.968,McNeese St.
68,Utah Valley,111.406,99.857,0.779,7–3,7,10,56.6,46.9,32.4,35.5,21.6,20.1,34.6,31,70.3,58.4,48.4,35.5,29.4,14.6,8.2,62,47.7,35.6,34.8,70.707,77.983,80.184,1.843,"2,026",0,0,12.783,,68.6,72.2,1.099,0.98,18.329,Utah Valley
69,Stanford,114.425,102.615,0.778,10–2,10,12,51.5,51.8,44.8,38,16.2,21.3,36,24.2,71.6,50.6,51.7,35.1,34.6,8.8,8.2,48.3,42.7,41.1,31.6,71.048,77.525,81.17,1.939,"2,026",0,0,31.563,,72.4,76.8,1.137,1.002,12.179,Stanford
70,Syracuse,113.043,101.438,0.777,8–4,8,12,52,45.4,41.3,31.4,16.2,21,31.9,34.2,68.1,56.2,43.8,29.8,32.3,17.4,9.1,48.9,54.6,36.4,33.5,68.554,78.162,80.82,1.78,"2,026",0,0,44.597,,60.1,72.3,1.082,0.963,23.751,Syracuse
71,Grand Canyon,109.155,97.968,0.776,7–4,7,11,49.8,48.4,39.6,35.8,17.7,18.5,34,23.5,69.9,53,49.7,29.7,31,7.8,7.7,53.2,51.6,37.3,39.2,68.558,78.557,81.86,2.365,"2,026",0,0,42.836,,75.6,72,1.081,0.972,19.501,Grand Canyon
72,Virginia Tech,114.992,103.242,0.775,11–2,11,13,53.7,49.1,33.9,28.8,13.1,19.1,32.2,32.6,69.2,53.6,52.1,35.9,29.8,11.3,7.9,54,48.4,37.2,41.1,69.475,77.892,81.111,1.327,"2,026",0,0,59.755,,70.3,72.1,1.166,1.019,15.091,Virginia Tech
73,Illinois St.,114.182,102.786,0.77,9–3,9,12,55.1,48.9,35.1,35.8,14.8,16.6,30.3,26.2,69.2,57.5,49.9,34.4,31.5,6,8,50.3,47.8,40.7,37.1,67.613,76.794,80.488,1.928,"2,026",0,0,2.039,,68.5,64.1,1.156,0.996,13.403,Illinois St.
74,Yale,122.061,110.043,0.767,9–1,9,10,58.3,53.6,41.2,33.7,13.9,16.9,35.7,29.5,67,54.4,53.8,44,35.6,9.7,9,57.1,46.2,33.6,41.6,66.76,77.465,79.674,1.956,"2,026",0,0,10.204,,80.8,68.6,1.269,1.102,10.837,Yale
75,Memphis,109.708,99.038,0.764,4–7,4,11,47.1,49.1,34.9,43.5,19.4,18.6,36.9,35.2,71.4,47.7,49.2,30.7,32.6,12.2,9.4,51.6,60.7,34.6,44.3,69.661,77.93,82.353,2.23,"2,026",0,0,43.63,,70.8,71.4,1.027,1.056,33.143,Memphis
76,Belmont,114.899,103.804,0.763,11–1,11,12,61.6,44.9,33.3,28.4,19.7,17.9,28.9,28,72.4,61.3,43.7,41.4,30.7,10.5,8.7,60.9,50.4,44,50.5,71.103,77.712,80.798,1.564,"2,026",0,0,3.988,,66.8,77.9,1.168,0.965,8.943,Belmont
77,Notre Dame,113.775,102.839,0.762,9–4,9,13,55,49.1,32.9,33.6,17.7,15.7,33.3,23.7,66.5,53.7,48.4,37.9,33.3,6.2,8.3,48.3,53.5,41.6,44.2,66.568,78.017,81.047,1.543,"2,026",0,0,64.315,,71.1,72.1,1.142,1.018,22.337,Notre Dame
78,Nevada,116.285,105.237,0.759,9–3,9,12,49,51,48.6,41.1,13.1,18.2,33.6,29.6,67.2,46.1,50.7,37.3,34.3,13.1,9.4,57.9,59,29.4,43.3,66.912,76.736,79.948,1.949,"2,026",0,0,17.861,,74.8,71.3,1.144,1.066,16.304,Nevada
79,George Washington,118.127,106.941,0.758,8–4,8,12,55.8,51.5,45.3,33.4,17.5,18.3,35.7,27,73,58.2,55,35.1,31.3,9.8,11.1,54.6,56.9,42.4,42.6,71.705,77.96,81.253,2.276,"2,026",0,0,19.505,,73.3,72.3,1.19,1.036,14.772,George Washington
80,New Mexico,112.002,101.597,0.754,9–2,9,11,53.6,48.6,38.5,30.2,16.7,20.4,29.3,29.3,71.4,57.5,51.3,32.7,30.8,9.7,8.2,52.5,51.3,45.4,52.5,70.655,77.452,81.062,1.588,"2,026",0,0,15.072,,77.5,74,1.129,0.988,16.568,New Mexico
81,Northern Iowa,104.953,95.313,0.752,8–2,8,10,52.3,44.3,29.6,30.4,14.2,20.4,21.2,27.5,64.7,52.6,46.4,34.6,27.4,12.4,9.2,65.2,49.3,41.7,39.9,63.755,77.605,79.654,2.318,"2,026",0,0,19.37,,66.3,68.3,1.052,0.906,10.008,Northern Iowa
82,Tulsa,120.395,109.385,0.751,9–1,9,10,58.2,51.5,47.1,32.4,15.5,16.5,31.8,25.6,69.1,55,49.4,40.9,36.3,5.6,7.5,61.7,55.3,50.1,40.8,68.187,77.666,80.362,2.015,"2,026",0,0,3.205,,78.8,74.2,1.246,1.058,14.239,Tulsa
83,Mississippi,112.566,102.39,0.748,7–5,7,12,51.6,49.5,39,36.2,16.2,19.8,31,30.7,67.4,51.4,48.1,34.5,34.4,15.7,8.6,56.2,55.3,36.8,41.5,66.406,77.823,80.641,2.078,"2,026",0,0,43.118,,73.1,67.2,1.102,1.016,22.326,Mississippi
84,Colorado,118.634,108.049,0.746,10–2,10,12,57,51.5,42.5,32.1,14.6,15.8,33.4,27.7,70.4,56.7,49,38.4,37.3,10,7.7,56.5,43.1,30.4,35.7,69.903,78.184,82.548,1.059,"2,026",0,0,35.794,,75.2,72.2,1.214,1.078,13.648,Colorado
85,Cincinnati,102.813,93.663,0.745,7–5,7,12,49.6,45.3,36.5,32.1,18.4,20.7,30.2,23.5,73.4,52.2,45.8,31.2,29.8,15.8,7.9,67.2,56.6,48.2,41.6,71.323,78.619,83.15,1.873,"2,026",0,0,63.652,,63.7,71.3,1.018,0.896,18.366,Cincinnati
86,Arizona St.,115.916,105.617,0.745,9–4,9,13,53.4,51.3,44.7,37,15.5,20,28.5,31.6,70.8,53.2,52.6,35.9,33.2,12,9.5,50.9,52.4,39.1,45.4,70.037,78.953,83.383,1.903,"2,026",0,0,17.565,,74.9,75.5,1.129,1.062,24.618,Arizona St.
87,Minnesota,111.382,101.768,0.738,7–5,7,12,53.5,49.2,47.5,33,17.6,18.2,33.2,26.7,65.4,55.5,47.2,34,34.9,9.5,11.2,73.5,55.9,42.3,37.7,64.153,77.752,79.779,2.022,"2,026",0,0,14.758,,68.4,68.8,1.116,1.007,22.46,Minnesota
88,San Francisco,114.568,104.888,0.734,7–5,7,12,54,47.7,42.5,34.1,16.4,14.1,33.3,31.8,66.2,54.3,47.4,35.8,32.2,9.7,8.5,57.7,52.5,48.1,36.5,65.74,77.903,80.912,1.817,"2,026",0,0,29.616,,69.2,67.2,1.135,1.065,17.676,San Francisco
89,Colorado St.,121.308,111.162,0.732,8–3,8,11,63,54.4,37.7,29.1,17.8,13.8,31.4,29.1,64.5,59.7,56.7,44.2,34.5,5,7.6,64.1,47.1,49.7,46.1,62.934,77.771,81.249,1.774,"2,026",0,0,28.627,,81,65.4,1.264,1.144,15.772,Colorado St.
90,George Mason,111.208,102.039,0.729,10–1,10,11,53.8,47.6,50.1,28.2,16.2,18.2,34,27.1,67.4,52.7,47.2,37.2,32,12,9.4,52.8,52.4,36.2,45.4,66.525,77.838,80.606,2.325,"2,026",0,0,26.261,,74.5,77.3,1.179,0.986,8.246,George Mason
91,UC San Diego,113.506,104.496,0.721,9–2,9,11,58.1,49,32.1,28.2,15,17.2,26.7,29.7,69.2,58.7,49.1,38.3,32.7,6.2,9.8,54,50.9,42.9,44.1,70.365,77.839,80.37,1.746,"2,026",0,0,0.2,,65.7,68.1,1.164,1.027,12.466,UC San Diego
92,Providence,119.201,109.869,0.719,7–6,7,13,55.6,50.7,34,32.1,15.1,15.3,30.3,31.7,73.9,57.8,47,35.1,37.4,12.3,6.8,53.6,55.6,42.5,40.2,73.085,77.857,80.118,1.727,"2,026",0,0,44.21,,79.1,73.2,1.182,1.102,20.348,Providence
93,Wichita St.,111.798,103.688,0.704,7–5,7,12,50.4,46.8,38.3,32.5,14.4,16.9,38.9,28.4,65.9,49.4,47.2,34.9,30.7,10.2,6,44.4,49.8,35.3,36.7,65.969,76.323,81.007,2.178,"2,026",0,0,8.096,,68.2,70.3,1.15,0.996,16.422,Wichita St.
94,Hawaii,104.868,97.686,0.693,8–2,8,10,52,42.4,50.2,38.3,19.9,16.9,32.4,22.9,72.4,55.4,42.9,31,27.6,8.3,7.8,49.8,38.9,38.2,31.2,70.667,78.424,81.608,2.518,"2,026",0,0,9.572,,71.1,64.4,1.076,0.877,7.67,Hawaii
95,Pittsburgh,112.734,105.034,0.693,7–6,7,13,53.3,49,32.9,33.6,17.6,16.8,35.5,27.9,65.4,51.8,48,36.9,33.8,11.1,8.7,50.9,51.8,41.5,37.8,65.081,77.171,80.112,1.638,"2,026",0,0,56.327,,68.6,77,1.131,1.036,18.048,Pittsburgh
96,Wyoming,113.463,105.725,0.693,8–3,8,11,54.7,48.3,37.8,56.7,16.2,18.8,36.1,25,72.2,57,50.6,34.2,29.7,7.5,7.5,53,35.6,39.5,38.3,69.714,77.051,79.881,1.61,"2,026",0,0,10.428,,71.2,71.7,1.181,1.002,11.673,Wyoming
97,Liberty,112.858,105.185,0.692,5–3,5,8,59.4,51.1,23.6,30.5,14.2,18.1,19.4,32.2,65,59.6,50.7,39.5,34.5,9.4,11.5,58.3,49.7,47.2,37.7,65.335,75.42,79.029,2.305,"2,026",0,0,2.783,,59,75,1.136,1.073,19.206,Liberty
98,Bowling Green,107.2,100.054,0.689,7–3,7,10,52,47.1,36.5,43.2,17.5,22.6,31.6,27.1,70.4,52.3,50.5,34.4,28.4,11.1,9.8,54.2,53.5,36.3,43.5,69.001,78.136,80.871,2.491,"2,026",0,0,14.095,,74.1,70.9,1.102,0.932,12.422,Bowling Green
99,South Carolina,109.918,102.591,0.689,7–4,7,11,52.2,46.3,36.1,36.2,14.4,14.1,28.4,26.6,67.9,59.1,49.1,29.9,26.5,5.8,7.4,56,48.7,48.2,30.3,67.338,77.769,81.123,2.018,"2,026",0,0,55.53,,77.4,65,1.129,0.982,14.088,South Carolina
100,Richmond,111.462,104.055,0.688,9–2,9,11,56,49.5,41.6,34.3,16.7,19,29.1,26.3,71.3,56.4,52.3,37,30.7,8.3,8.2,56.5,44.7,43.5,46,69.904,76.838,80.712,2.173,"2,026",0,0,4.903,,73.6,66.5,1.161,0.987,9.652,Richmond
101,High Point,117.769,110.07,0.685,8–3,8,11,55.4,51.4,40.6,39.3,12.6,21.6,31.1,33.3,70.9,57.1,52.2,35.4,33.5,7.7,9.4,52.9,57.2,43.5,42.4,71.363,76.217,79.468,2.632,"2,026",0,0,16.655,,73.3,72.9,1.215,1.046,6.928,High Point
102,Murray St.,116.613,109.206,0.68,10–3,10,13,56.8,49.1,41.6,30.5,16.6,16.4,36.5,32.7,73.5,57.2,49.2,37.6,32.4,7.6,7.7,53.5,42.2,46.3,25.3,72.952,77.88,81.387,1.82,"2,026",0,0,38.583,,75.7,73.2,1.215,1.062,13.749,Murray St.
103,Xavier,110.428,104.075,0.664,9–4,9,13,50.1,51.8,29.5,33.6,13.4,17.8,27.8,26.4,71.6,47.2,52.9,35.9,33.1,10.1,12.3,68.8,64.9,43.2,33.6,71.019,78.6,81.565,2.289,"2,026",0,0,31.672,,67.8,66.1,1.073,1.032,20.069,Xavier
104,William & Mary,110.237,103.902,0.664,7–3,7,10,55.2,48.6,42.2,37.5,19.7,20.9,26.6,33.3,77.6,60.3,55.8,32.7,26.6,10.8,12.3,65.7,54,45.3,45.1,75.726,77.297,79.043,2.444,"2,026",0,0,0.2,,76.7,69.3,1.068,1.021,22.287,William & Mary
105,UAB,111.172,104.796,0.664,8–4,8,12,50.2,49.3,36.4,30.5,13.4,16.8,36.9,23.5,70.9,53.9,49.2,28.1,33,9.4,8.1,49.9,53.6,31.4,39.5,70.375,76.439,79.601,1.896,"2,026",0,0,29.678,,69.8,75.8,1.141,1.01,12.97,UAB
106,Mississippi St.,111.164,104.8,0.663,7–5,7,12,51.6,48.3,32.5,26.5,16.1,14.3,29.8,30.6,71.4,53.5,49.3,32.6,31.3,10.9,11.9,45.4,50.9,40.7,40.1,69.715,77.543,81.907,2.233,"2,026",0,0,47.803,,68.2,74.5,1.081,1.063,19.773,Mississippi St.
107,Miami OH,114.891,108.472,0.66,10–0,10,10,59.5,49.9,35.9,34.5,14.9,18.6,24.2,24.6,71.2,58.7,50.4,40.4,32.7,7.5,8.3,54.5,50.2,44.3,38,71.767,77.201,80.337,1.742,"2,026",0,0,10.285,,77.7,75.5,1.198,1.012,5.785,Miami OH
108,Davidson,111.325,105.173,0.658,7–3,7,10,55.7,49.9,39.2,40.5,16.6,17.7,29.1,29.1,65,54.8,52,38,30.6,9.1,9,53.9,39.1,41.6,34.3,65.392,77.663,80.393,1.403,"2,026",0,0,26.02,,66.3,66.7,1.124,1.04,13.399,Davidson
109,Seattle,107.387,101.528,0.656,8–2,8,10,56.9,47.7,36.6,33.7,18.7,21.9,27,33.6,70.2,57.3,48.5,37.4,31,15.9,6.8,50.5,49.8,36.6,37.6,69.406,77.175,81.06,2.277,"2,026",0,0,10.224,,69,74.7,1.097,0.989,10.657,Seattle
110,St. Thomas,111.408,105.55,0.65,8–4,8,12,56.7,52.8,31.1,29.9,14.1,19.7,18.4,27.4,70.3,63.2,54.3,32.5,33.7,7.9,8.2,55.6,57.3,45.1,40.9,69.437,77.17,79.321,1.12,"2,026",0,0,19.088,,73.8,76.2,1.113,1.048,13.008,St. Thomas
111,Cal Baptist,108.341,102.811,0.646,10–3,10,13,48.4,48.3,36.4,37,17.8,17.3,40.6,26.4,69.2,48.8,49.1,31.6,31.3,6.4,10.5,44.1,41.3,32.1,35,67.917,76.527,81.507,2.097,"2,026",0,0,2.752,,72.1,74.1,1.09,1.021,15.182,Cal Baptist
112,Georgetown,112.338,106.62,0.646,8–4,8,12,48.8,49.2,44.3,37.8,12.7,17.2,31.1,28.9,69.1,51.4,48.9,29.2,33.1,13.7,8.9,60.1,50.8,34.6,39.7,68.516,78.14,81.378,1.697,"2,026",0,0,54.442,,72.5,75.5,1.109,1.053,19.358,Georgetown
113,Florida St.,109.521,104.075,0.643,6–6,6,12,50.3,51.5,33.2,40.8,16.6,23.7,33.8,34.2,77.7,54.2,51.8,31.3,34.1,11.8,11.5,55.5,58.3,53.4,41.1,75.059,78.278,81.045,2.056,"2,026",0,0,27.225,,71,72.1,1.092,1.025,23.791,Florida St.
114,Utah,115.285,109.752,0.638,8–4,8,12,55.6,51.3,39.1,31.2,16.5,15.1,29.8,31.9,70.9,55.9,51.1,36.8,34.5,9.6,9.6,53.7,41.3,41.2,33.3,69.719,77.319,80.457,1.825,"2,026",0,0,16.8,,73.9,66.9,1.15,1.1,12.417,Utah
115,Hofstra,110.19,105.193,0.63,7–4,7,11,52.4,48.1,32.2,36.8,17.6,17.6,33.5,32.1,67.7,50.5,46.1,36.8,34.1,10.7,11.3,51,56.7,38.8,39.5,67.417,77.478,81.083,1.876,"2,026",0,0,0.2,,75.6,73.3,1.104,1.043,19.437,Hofstra
116,St. Bonaventure,111.853,106.837,0.629,10–2,10,12,52.5,51,30.9,32,18.2,18.8,38.2,30.8,68,51.4,51.9,36.7,33.1,13.1,7.8,55.7,52.9,31,37.8,68.314,76.279,80.288,2.143,"2,026",0,0,11.774,,76,73.2,1.134,1.046,12.218,St. Bonaventure
117,Rhode Island,106.814,102.067,0.628,8–4,8,12,52.7,48.2,40.5,38.1,19.5,22.4,34.5,33.6,67.1,57.3,47.3,31.1,33,10.9,8.5,45.9,53.5,42.6,40.7,67.905,76.438,79.94,2.535,"2,026",0,0,9.361,,74.8,70,1.108,0.991,12.729,Rhode Island
118,Bradley,107.826,103.202,0.623,8–4,8,12,51.7,50.5,36.1,40.5,15.2,22.5,27,29.6,69.1,51.2,49.7,34.9,34.3,11.5,10.5,50.2,53.3,42.8,41,68.986,76.515,81.488,1.938,"2,026",0,0,0.788,,74.5,68.7,1.093,0.996,10.873,Bradley
119,Florida Atlantic,113.728,109.087,0.618,6–4,6,10,53.4,52.8,34,35.8,17.2,17.1,33.3,28.8,68.7,52.5,51.4,36.4,36.8,15.4,8.1,50.2,47.3,41,36.5,69.189,77.96,81.403,1.156,"2,026",0,0,39.856,,73.2,72.7,1.14,1.083,17.574,Florida Atlantic
120,Maryland,111.167,106.833,0.612,6–6,6,12,48.8,54.9,48.6,30.6,19.6,18.9,34.9,31.7,71.4,47.1,52.8,34,38.5,7.1,14.3,46.9,63.5,43.4,42.3,69.074,77.071,80.392,1.88,"2,026",0,0,52.909,,75,72.8,1.069,1.115,33.516,Maryland
121,New Mexico St.,109.823,105.668,0.609,5–3,5,8,49.1,46.3,35.4,46.5,15.9,17.4,34.1,28.3,68.2,50.2,46.4,31.5,30.8,10.5,6.9,51.5,45.6,38.7,44.9,67.703,76.91,80.339,2.407,"2,026",0,0,3.925,,73.8,77.2,1.084,1.022,10.942,New Mexico St.
122,Kent St.,112.473,108.219,0.609,8–2,8,10,55.9,53,47.7,38.1,19.4,18.1,35.4,28.8,75.4,55.1,50.6,37.9,37.3,11,9.2,59.6,59.4,46.7,44.4,73.808,76.164,79.656,1.997,"2,026",0,0,7.973,,74.2,71.7,1.163,1.074,7.496,Kent St.
123,Columbia,109.806,105.833,0.604,8–3,8,11,54.8,47.1,27.9,34.4,20.6,14.9,38.7,26.2,67.8,53.1,47,38.4,31.7,9.6,9.4,55.2,53.5,38.3,34.1,68.134,77.96,80.4,1.631,"2,026",0,0,8.11,,73.6,67.7,1.127,1.012,15.302,Columbia
124,UC Irvine,101.169,97.617,0.601,6–5,6,11,46.1,44.7,41,30.8,17.2,18.7,27.2,34.1,69.7,45.3,42,32,33.2,15.8,6.9,58.5,53.2,30.7,34.7,69.081,78.236,81.487,1.349,"2,026",0,0,19.596,,65.6,64,0.97,0.965,13.026,UC Irvine
125,UNC Wilmington,112.23,108.365,0.599,9–2,9,11,51.1,46.1,42.3,26.2,15.9,16.2,40.4,28.7,65.8,50.5,46.1,34.7,30.7,5.1,8.4,50.9,47.8,38.1,44.9,64.42,78.92,80.854,2.665,"2,026",0,0,8.297,,70.6,76.3,1.16,1,5.992,UNC Wilmington
126,DePaul,105.632,102.016,0.599,8–5,8,13,51.2,48.1,42.5,36.1,17.2,20.2,29,31.5,70,51.9,47,33.4,33.6,8.6,11.4,64.1,56.2,39,31.9,68.643,78.084,81.219,2.009,"2,026",0,0,44.537,,69.3,70.7,1.068,0.986,19.381,DePaul
127,Youngstown St.,106.932,103.534,0.592,6–5,6,11,55.6,48.6,33,38.3,21.9,19.5,30.8,33.9,68.9,57.3,51,35.9,28.6,8.8,8.4,51.2,44.3,49.3,29.9,67.83,76.643,79.926,2.569,"2,026",0,0,4.029,,69.7,73.6,1.068,1.034,14.067,Youngstown St.
128,Penn St.,113.826,110.251,0.591,8–4,8,12,54,55.9,34.8,24.1,13.3,19.9,29.4,29.3,68.3,55.6,55.2,34,37.8,5.6,7.5,47.4,58.7,34.2,43.3,68.683,78.826,81.694,0.914,"2,026",0,0,54.694,,71.8,77.1,1.145,1.098,15.625,Penn St.
129,Stephen F. Austin,108.585,105.184,0.59,7–2,7,9,52.9,44.8,28.4,41.8,14.7,16.9,32.3,30.3,67.9,50.6,45.5,37.6,28.8,12.7,10.1,49.8,44.3,39.7,29.2,67.228,75.522,78.395,2.237,"2,026",0,0,0.2,,62,73.7,1.125,0.986,7.546,Stephen F. Austin
130,Middle Tennessee,108.085,104.807,0.588,4–4,4,8,48.1,50.2,29.2,36.4,16.6,14.3,30.8,31.1,69.9,49.1,53.7,31,29.2,12.1,8.5,47.6,48.9,40.6,35.2,67.159,78.265,81.29,2.095,"2,026",0,0,21.029,,70.1,74.6,1.027,1.108,25.656,Middle Tennessee
131,UNLV,111.418,108.118,0.586,5–6,5,11,51.4,51.4,46.6,45,17.3,19.1,32.4,34.2,74.7,55.8,53.6,29,32,10.8,9.2,56.2,58.2,35.9,40,73.467,77.332,80.761,1.692,"2,026",0,0,46.173,,68.6,71.9,1.087,1.093,17.265,UNLV
132,North Dakota St.,108.469,105.296,0.585,7–4,7,11,49.1,50.9,33.4,31.8,16.2,20.3,35.4,29.8,70.6,49.1,50.8,32.7,34.1,8,9.6,52.7,54.5,43.7,35.3,69.226,76.177,79.637,1.767,"2,026",0,0,0.2,,70.5,74.5,1.087,1.025,11.008,North Dakota St.
133,Troy,109.534,106.428,0.582,6–5,6,11,50.9,51.1,39.8,33.8,18.3,17.7,32,33.1,71,51.9,50.7,33.1,34.5,7,12.9,52.3,52.3,44.6,36,68.572,77.697,80.43,1.888,"2,026",0,0,0.2,,73.7,69,1.074,1.079,20.216,Troy
134,Pacific,108.806,105.757,0.581,7–4,7,11,53.1,48.6,33.9,39.7,20.6,15.6,33.9,25.7,67.5,55.4,49.2,32.7,31.9,8.2,11.3,50.5,47.1,36.2,40.5,66.398,77.005,80.558,2.517,"2,026",0,0,12.174,,77.2,68.7,1.084,1.038,19.067,Pacific
135,Loyola Marymount,103.68,101.001,0.575,7–4,7,11,52.9,45.9,28.6,32,18.9,18.5,29.7,31.1,69.2,51.3,46.2,36.6,30.4,11.5,7.3,54.6,51.1,45.6,36.3,67.946,78.535,81.407,1.916,"2,026",0,0,30.533,,62.6,71.3,1.051,0.974,10.005,Loyola Marymount
136,Quinnipiac,107.244,104.524,0.573,8–4,8,12,49.3,49.4,30.2,29.8,16.3,18.1,32.5,36,72.1,48.3,48.4,34.3,34.3,13.1,11.5,46.1,50.8,32.7,33.5,71.997,77.838,80.643,1.326,"2,026",0,0,17.455,,71.2,68.1,1.054,1.043,19.314,Quinnipiac
137,Western Kentucky,109.352,106.603,0.573,5–4,5,9,47.8,51.1,43,40.9,14.6,17.7,31.1,28.6,74,48,49.2,31.6,35.6,8.1,13.9,46.7,62.7,33.6,46,71.994,76.977,81.021,2.177,"2,026",0,0,9.218,,73.3,69.8,1.08,1.063,18.612,Western Kentucky
138,Southern Illinois,108.11,105.416,0.572,5–7,5,12,52.3,50,35.4,31.2,18,18,32.5,30,71.6,56.3,50.6,27.5,32.8,8.3,6.7,48.3,53.9,26.4,41.9,71.226,77.096,80.473,1.862,"2,026",0,0,26.093,,68,70.5,1.072,1.041,19.305,Southern Illinois
139,Elon,116.736,114.038,0.567,6–5,6,11,54.7,54.4,34.3,38.1,16.1,16.6,37.3,33.8,69.2,56.6,56,35,35,11.2,10.8,52.2,57.4,44.6,47.4,67.919,77.786,80.319,2.044,"2,026",0,0,7.693,,71.9,68.7,1.185,1.15,14.961,Elon
140,Winthrop,116.488,113.931,0.563,5–6,5,11,53.2,53.7,38.6,36.6,13.6,17.2,33.2,30.1,71.4,52.1,53.2,36.3,36.2,9.1,9.5,52.5,47,46,43.6,69.333,76.721,80.648,2.785,"2,026",0,0,19.319,,74.1,73.9,1.19,1.115,18.871,Winthrop
141,Oakland,116.045,113.579,0.561,5–7,5,12,52.2,56.6,34.4,26.5,14.5,14,26.5,33.5,72.8,51.5,59.1,35.7,35.2,8.1,14.1,55.2,65.8,33.5,40.5,72.643,76.701,79.022,2.52,"2,026",0,0,0.2,,73.8,70.5,1.106,1.196,37.862,Oakland
142,Wright St.,108.473,106.195,0.561,3–7,3,10,52.8,52.2,28.4,38.2,16.1,20,29.1,32.2,68.6,53.9,54.9,34.1,31.4,11.7,9.7,45.9,45,38.5,34.6,66.841,76.748,79.116,1.404,"2,026",0,0,0.2,,68.4,70.1,1.086,1.058,16.861,Wright St.
143,Marquette,106.746,104.565,0.559,5–8,5,13,47.6,51.8,35.6,32.6,15.3,19.8,32.1,30.4,71.9,49,51.6,30.5,34.8,7.7,9,57.9,59.5,42.2,38.2,71.722,77.709,81.473,1.495,"2,026",0,0,57.109,,70.6,76.5,1.05,1.055,24.333,Marquette
144,Duquesne,110.093,107.969,0.556,5–5,5,10,54.9,51.2,40.6,44.7,20,17.6,31.1,30.2,73.4,59.8,50.4,32.3,34.9,7.8,8.9,55.6,51.5,43.3,39.3,73.251,77.598,80.562,2.502,"2,026",0,0,9.791,,69.7,75.4,1.101,1.081,17.524,Duquesne
145,Sam Houston St.,110.304,108.31,0.552,5–4,5,9,51,52.2,33.7,43.8,16.9,17.5,37.8,32.7,73.1,49.3,58.2,35.8,29.9,9.4,6.6,47.6,48.4,40.1,45.1,72.334,76.399,79.446,1.753,"2,026",0,0,18.81,,76.4,68.4,1.124,1.105,23.289,Sam Houston St.
146,Boston College,102.923,101.155,0.55,5–6,5,11,46.4,45.1,35.8,33.9,15.2,15.2,31.3,28.3,66.2,50.1,46.9,27.9,27.9,14,11.8,46.6,43.4,44.7,34.8,67.102,77.723,81.303,1.691,"2,026",0,0,55.448,,69.8,66.4,1.025,0.983,10.848,Boston College
147,Iona,108.944,107.162,0.547,9–4,9,13,53.1,50.9,30.1,27.9,15.5,17.8,26.1,32.6,72.7,51.9,54.1,36.6,31,7.3,10.5,49.3,55.5,40.8,42,72.835,77.144,80.709,2.353,"2,026",0,0,19.072,,72.4,67.8,1.087,1.06,13.714,Iona
148,Arkansas St.,111.314,109.589,0.545,8–4,8,12,50.9,51.2,38.1,40.4,20.4,15.1,36.7,28.8,73.2,54,51.7,31.1,33.6,6.5,10.6,50.6,49.1,42,35.1,74.011,78.477,81.229,2.109,"2,026",0,0,17.668,,79.6,69.5,1.095,1.085,17.466,Arkansas St.
149,Massachusetts,104.573,103.056,0.542,8–4,8,12,51.8,49.2,37.2,44.4,19.3,19,34.7,26.2,73.7,51.4,55.8,34.9,26.8,6.4,8.2,62.4,55.3,33.8,42.2,72.94,76.915,80.593,2.094,"2,026",0,0,17.054,,65.3,72.6,1.066,0.994,6.371,Massachusetts
150,Idaho,111.76,110.316,0.537,5–4,5,9,52,52.4,37.7,40.5,16,14.5,28.5,24.5,68.9,49.2,53.6,36.3,33.8,5.2,8.2,55.2,47.7,53.3,40.7,66.599,77.36,80.677,1.935,"2,026",0,0,0.2,,75.6,71.8,1.099,1.098,16.729,Idaho
151,Temple,116.133,114.635,0.537,6–5,6,11,53.2,52.7,47.4,29.3,13,14.5,26.8,30.3,66.2,51.3,52,37.6,35.8,12.6,11.7,50,51.5,37,41,66.78,77.366,79.705,2.008,"2,026",0,0,28.749,,73.5,68.3,1.157,1.112,14.115,Temple
152,Siena,105.204,103.857,0.537,9–3,9,12,50.4,49,35.7,28.6,16.8,20.3,33.3,27,65.4,53.5,51.7,29,29,8.9,10.4,51.5,40.1,30.9,33.3,66.424,76.463,79.548,1.758,"2,026",0,0,1.05,,71.1,69.6,1.076,0.966,6.326,Siena
153,Georgia Tech,104.5,103.191,0.536,8–4,8,12,49.8,46.3,34.8,31.5,18.1,16.7,32.7,27.9,71.7,49.1,48,34.2,29.4,12.2,9,62.9,57.1,32.2,43.5,71.314,78.073,80.75,1.509,"2,026",0,0,81.401,,67.6,69.2,1.043,0.978,10.054,Georgia Tech
154,Washington St.,109.946,108.756,0.531,4–8,4,12,54.3,53.4,32.7,35.8,18.2,15.2,27.8,24.5,69.2,56.5,54.3,34.3,34.7,9.4,10.4,46,46.9,44.4,39.8,68.443,78.022,80.442,1.819,"2,026",0,0,15.091,,75.6,75.2,1.084,1.108,19.464,Washington St.
155,Oregon St.,108.583,107.484,0.529,7–6,7,13,52.1,48.1,43,34.7,18.6,16.1,26.2,33.4,67.2,53,49.8,34,30.3,12.4,8.3,59.2,50.2,47.6,39.8,66.13,78.563,82.953,1.68,"2,026",0,0,0.778,,78.1,73.3,1.069,1.062,11.865,Oregon St.
156,Marist,101.686,100.72,0.527,7–3,7,10,51,44.8,25.5,39.8,18,21.2,29.7,26.9,68.8,52.5,46.4,32.4,28.3,9,5.7,59.6,49.8,38.1,40.6,68.101,76.455,79.649,1.916,"2,026",0,0,0.2,,75.5,69.8,1.042,0.922,7.387,Marist
157,Lipscomb,106.273,105.4,0.524,5–5,5,10,51.7,52.7,26.1,35,17.7,20.1,25.6,31.4,74.1,51.5,53.6,34.7,34.1,7,11,66.1,46.2,48,38.2,72.15,77.246,80.925,2.122,"2,026",0,0,0.2,,76.4,71.4,1.051,1.055,26.202,Lipscomb
158,Drake,110.268,109.373,0.523,5–6,5,11,53.1,49.1,32,31.9,14,13,26.8,29.4,66.8,51.1,47.8,37.2,34.1,8.7,9.2,53.4,50,42.8,39.2,66.377,77.226,80.185,2.036,"2,026",0,0,12.129,,74.4,67.5,1.131,1.071,12.335,Drake
159,Furman,108.574,107.963,0.516,6–4,6,10,55.1,51.8,32.7,25.5,19.5,13.6,30.4,27.5,68.9,62,54,31.8,32.4,9.7,12.2,57.8,50.9,48.2,41.8,68.47,79.409,81.848,1.726,"2,026",0,0,13.432,,65.6,71.5,1.088,1.096,14.914,Furman
160,Montana St.,106.956,106.495,0.512,3–7,3,10,50.9,50.9,28,42.4,15.9,16.3,27.6,29.3,67.7,54.9,53.6,30.9,30.7,5.9,7.8,39.5,46.2,46.6,35.7,66.031,77.287,80.38,2.371,"2,026",0,0,11.996,,70.7,76.3,1.06,1.09,24.488,Montana St.
161,Kennesaw St.,109.007,108.586,0.511,5–4,5,9,50.6,46.5,47.5,53.3,18.6,16.3,37.8,30.1,76.9,53.7,44.4,30.6,33.3,13.5,11.6,44,44.5,39.4,38.2,74.162,78.088,80.327,1.258,"2,026",0,0,10.804,,70.7,76.7,1.103,1.066,14.978,Kennesaw St.
162,Northern Colorado,110.272,110.091,0.505,6–3,6,9,56.7,51.3,31,36.1,16.5,12.7,27.2,23.8,70.4,61.1,54.8,33.8,29.5,5.6,8,53.9,38.5,42.7,32.7,68.939,77.566,80.72,2.243,"2,026",0,0,8.263,,74.1,74.3,1.131,1.096,13.383,Northern Colorado
163,East Tennessee St.,109.906,109.776,0.503,6–5,6,11,55.4,50.6,32.6,37.9,17,20.1,28.9,29,67.9,58.2,50.9,34.2,33.5,14.2,9.6,55,57.5,41.5,46.8,67.87,76.639,79.725,2.084,"2,026",0,0,13.676,,72.5,73.3,1.126,1.026,14.116,East Tennessee St.
164,North Texas,100.826,100.718,0.503,7–4,7,11,47.7,45.9,42.1,46.7,19.4,20.8,31.5,33.3,65.4,48.8,47.8,30.6,28.6,15.4,10.7,56.7,48.5,37.5,38.2,65.383,77.406,80.249,1.906,"2,026",0,0,9.549,,71.1,69.9,1.006,0.986,14.447,North Texas
165,FIU,108.341,108.456,0.497,4–4,4,8,51.1,51.6,37.3,34.1,16.6,21,32.1,41.2,73.9,49.5,53.6,35.8,32.6,14.2,11.3,59.3,63.3,38.1,42.5,72.308,76.797,80.789,2.133,"2,026",0,0,0.2,,68.3,74.9,1.077,1.116,24.856,FIU
166,Colgate,109.747,110.008,0.493,4–6,4,10,53,50.2,22.5,33.5,14.9,15.6,24.1,37,67.4,53.2,53,35.1,30.5,8.1,7.3,49.6,54.5,34.2,39.2,67.157,77.422,80.289,1.579,"2,026",0,0,0.2,,71.9,73.3,1.059,1.132,30.351,Colgate
167,UT Rio Grande Valley,105.771,106.279,0.486,3–6,3,9,52,49.3,23.4,38.2,17.3,16.5,24.6,30.6,69.5,48.2,51.7,38.8,30.9,6.6,11.2,50.6,60.4,37.9,43.2,69.52,75.903,78.501,2.027,"2,026",0,0,0.2,,68.5,70,1.019,1.067,26.147,UT Rio Grande Valley
168,Austin Peay,102.692,103.249,0.484,4–5,4,9,48.3,51.1,30.7,35.3,17.3,20.2,28.4,29.1,70.5,48.7,54.4,31.9,31.3,6.7,10.9,59.1,59.9,42.3,44.7,69.897,77.188,80.241,1.871,"2,026",0,0,17.036,,67.5,65.4,1.001,1.016,18.38,Austin Peay
169,UC Santa Barbara,112.906,113.579,0.483,6–4,6,10,53,54.7,42.4,47.6,17.9,17.9,33.6,27.5,65.9,51,50.8,37.3,40.6,8.4,12.8,54.8,55.7,39.3,38.5,65.387,77.954,80,2.02,"2,026",0,0,52.754,,79.5,71.6,1.141,1.115,11.955,UC Santa Barbara
170,Toledo,112.186,112.861,0.483,4–6,4,10,52.3,57.3,31.6,24.8,15.8,19.4,30.1,35.2,71,52.1,59.7,35.1,35.8,6.8,10.4,54.9,56,34.4,39.9,70.626,76.529,79.916,1.482,"2,026",0,0,22.046,,77.8,68,1.117,1.141,19.353,Toledo
171,Robert Morris,109.013,109.688,0.482,8–4,8,12,52.4,48.9,27.9,47.4,18.5,16.5,38,30.9,65.8,51.5,48.6,35.8,33.1,5.9,10.4,59.5,51.9,39,36,65.759,76.92,79.859,1.731,"2,026",0,0,8.132,,68.8,75.2,1.103,1.089,14.192,Robert Morris
172,South Dakota St.,107.26,108.1,0.478,4–7,4,11,50.8,50.4,34.4,37.3,17.3,17.2,29.2,27.2,68.7,52.1,52.9,32.7,31.7,6.4,9.6,53.4,53.9,42.2,47.1,68.995,76.671,80.513,1.45,"2,026",0,0,9.113,,70.5,72.8,1.05,1.053,15.733,South Dakota St.
173,Incarnate Word,112.758,113.654,0.477,3–6,3,9,51.1,57.1,37.3,50.5,15.2,16.5,32,29.9,66.6,49.1,59.9,36.2,34.7,6.5,9.3,46.8,54.1,38,36.4,66.209,76.546,79.853,2.395,"2,026",0,0,0.2,,68.7,75.4,1.114,1.166,23.419,Incarnate Word
174,Cornell,115.471,116.576,0.473,5–5,5,10,59.6,55.3,32,37,17.3,15.6,29.2,30.2,73.1,57,55.5,41.4,36.6,6.8,8.3,66.3,48.7,51.5,37,73.565,75.926,77.683,2.344,"2,026",0,0,4.072,,71.7,68.5,1.174,1.152,14.362,Cornell
175,Mercer,107.964,109.069,0.471,5–5,5,10,50.9,52.7,33.7,28.6,15.6,17.7,28.9,34.9,71.2,51.9,52.7,32.9,35.1,7.8,8.8,47.2,49.7,40.5,39.2,70.936,77.095,80.055,1.985,"2,026",0,0,8.913,,71.2,70.2,1.075,1.116,26.11,Mercer
176,Marshall,107.321,108.646,0.465,7–5,7,12,53.4,47.9,28.8,40.4,19.2,16.1,33.2,32.1,71.5,54.6,46.8,34.6,33.1,15.3,7.6,59.8,51.1,46,39.1,70.187,77.776,82.837,2.56,"2,026",0,0,6.863,,75.7,70.6,1.09,1.072,15.829,Marshall
177,Saint Joseph's,103.707,105.014,0.464,6–4,6,10,46.5,48.1,34.4,32.9,17.7,16.1,35.1,32.3,70.1,50.7,47.7,27.6,32.7,12.7,13.4,60.8,49.2,44.8,34,69.312,77.186,80.236,1.583,"2,026",0,0,47.548,,77,65.7,1.036,1.043,13.45,Saint Joseph's
178,Portland St.,102.163,103.451,0.464,3–5,3,8,51.1,48.2,34.3,46.4,20.5,20,31.3,31.7,70.7,51.4,50,33.7,29.9,11.4,8.2,53.1,52.4,36.1,34.7,69.764,78.11,80.738,2.268,"2,026",0,0,1.087,,67.1,78.6,1.019,1.043,18.433,Portland St.
179,Charlotte,109.948,111.368,0.463,5–7,5,12,51.7,52.1,37.7,42,18.2,16,36.4,30.2,64,50.1,52.1,35.9,34.7,11.9,7.8,52.4,52.1,43.5,41.5,63.586,78.507,82.168,2.157,"2,026",0,0,13.471,,68.7,67.2,1.101,1.102,13.654,Charlotte
180,Towson,105.343,106.712,0.463,5–5,5,10,46.1,52.3,27.7,28.4,17.4,14.8,37.9,26.8,63.6,49.9,57.1,26.2,30.5,9.3,7.7,35.2,44.5,35.7,41.8,63.498,78.188,80.985,2.292,"2,026",0,0,1.039,,66.3,69.6,1.023,1.089,28.693,Towson
181,Fordham,105.725,107.356,0.456,5–4,5,9,51.2,47.2,23.2,23.4,16.1,15.6,35.6,26.1,65,55.1,45.5,29.6,33.2,9.1,7.6,51.6,59.2,36.7,41,64.537,77.293,81.059,2.165,"2,026",0,0,5.588,,67.5,70.5,1.094,0.99,4.738,Fordham
182,Fresno St.,105.383,107.059,0.455,5–6,5,11,51.9,52.6,32.7,32,19.1,20.7,30.6,30.1,71.2,54.8,58,32,30.1,5.9,11.8,52.7,50.7,42.1,42,68.871,77.705,81.215,1.349,"2,026",0,0,5.85,,73,71.2,1.053,1.046,14.123,Fresno St.
183,UC Davis,107.973,109.734,0.454,5–5,5,10,54,52.4,38.3,39.1,18.9,19.5,25,33.9,70.3,58.4,51.5,31.9,36,7.8,10,56.5,54.4,41.7,37.2,69.79,76.756,80.305,1.401,"2,026",0,0,18.193,,76.2,74.7,1.071,1.096,19.69,UC Davis
184,Abilene Christian,103.7,105.44,0.452,4–5,4,9,45.4,56.2,35.5,65.4,21.4,21.6,35.4,29.3,67.4,42.9,54.9,33.7,39,10.3,12.4,55.2,55.6,32.9,34.8,66.365,77.498,80.23,2.196,"2,026",0,0,11.617,,70.4,70.8,0.963,1.096,25.887,Abilene Christian
185,Buffalo,111.6,113.597,0.449,9–2,9,11,55.5,51.5,49.6,30.8,14.9,17.8,28.4,31.8,66.3,54.3,53.6,38,32.6,8.6,8.3,50.7,59.6,45.8,44.6,66.953,76.065,79.655,2.233,"2,026",0,0,31.595,,74.7,76.2,1.179,1.085,6.68,Buffalo
186,Vermont,113.049,115.221,0.446,6–6,6,12,54.3,54.1,30.8,38.6,14.8,13.6,26.2,24.5,65.5,58,54.2,33.3,36,6.1,8.9,48.6,49,46.1,41.2,66.12,77.567,80.461,1.852,"2,026",0,0,7.486,,76.8,72.1,1.128,1.133,11.15,Vermont
187,Southern Miss,107.642,109.719,0.445,5–6,5,11,50,52.6,41.8,40.9,17.9,18.4,34.1,29.5,68.5,52.9,49.9,28.5,37.5,10.4,9.2,45.1,55.7,28.5,43.5,67.512,77.773,79.81,2.14,"2,026",0,0,2.764,,73.3,72.1,1.075,1.086,14.973,Southern Miss
188,Idaho St.,108.647,110.756,0.445,4–6,4,10,54.2,50.7,38.8,33.1,19.8,17.5,35,34.8,66.1,54.3,54.8,36.1,29,10.2,9.6,53.3,50.6,47.2,36.8,63.883,77.565,80.23,2.188,"2,026",0,0,0.2,,74.4,77.8,1.108,1.097,20.402,Idaho St.
189,Tarleton St.,105.632,107.79,0.442,5–4,5,9,51.9,55.4,41.9,44.9,21.8,24.4,33.9,33.2,72.8,50.5,57.5,37,35.2,9.8,10.8,46.2,57.5,27.2,43.6,71.433,75.906,78.353,1.968,"2,026",0,0,15.798,,77.5,69.4,1.056,1.058,24.263,Tarleton St.
190,Florida Gulf Coast,110.013,112.485,0.436,4–7,4,11,52.3,54.4,30.3,44.4,16.6,17.5,33.8,32.6,72.1,51.1,56,36,35,8.4,11.2,52.2,45.8,38.3,45.9,70.579,77.235,79.975,1.708,"2,026",0,0,22.179,,74,76.8,1.11,1.162,19.174,Florida Gulf Coast
191,Rutgers,105.581,108.487,0.423,6–6,6,12,46.8,51.3,41.2,26.3,17.3,17.6,33.4,34.4,67.1,45.3,49.6,33,36.1,9.6,9.8,46.2,54.7,33.9,37.4,66.645,77.611,80.61,1.237,"2,026",0,0,38.052,,69.5,72,1.028,1.084,26.18,Rutgers
192,Louisiana Tech,100.319,103.211,0.419,4–4,4,8,45,45.1,29.3,34.3,18.7,17.6,37.1,29.1,64.7,49.5,50.4,23.3,26.1,14.3,10.5,42.6,52.9,31,47.4,64.166,77.772,80.066,1.878,"2,026",0,0,27.1,,65.2,71.3,0.992,0.967,10.103,Louisiana Tech
193,UT Arlington,101.475,104.433,0.418,5–4,5,9,48.4,47.7,39.2,43.9,22.7,19.1,35,29,67.6,51.7,51.9,27.7,26.1,10.2,9.5,47.4,51.2,32.3,32.6,66.205,76.607,79.977,1.412,"2,026",0,0,21.956,,69.1,73,0.978,1.008,16.661,UT Arlington
194,Ohio,107.54,110.764,0.416,4–7,4,11,49.6,52.9,36.7,31.9,17.3,17.7,29.8,35.2,70.5,54.6,52,27.7,36.4,6.8,9.1,43.8,50.5,38.1,37.3,69.868,76.826,79.779,2.166,"2,026",0,0,7.892,,67.5,75,1.034,1.122,21.297,Ohio
195,Illinois Chicago,106.847,110.194,0.412,3–8,3,11,46.9,51.5,39.7,37.9,18.8,20.1,38.4,38.7,68.3,48.2,52.2,29.9,33.8,14.2,11,50.4,64.9,37.4,45.9,68.05,77.225,79.704,1.52,"2,026",0,0,7.958,,76.4,75.2,1.068,1.105,15.708,Illinois Chicago
196,Cal St. Northridge,107.689,111.064,0.412,5–5,5,10,49.4,52.5,31.9,33.3,18.8,15.7,33,29,73.3,50.6,53.9,31.6,34,6,12.1,55.1,54.7,35.7,48.5,74.024,77.161,79.151,2.56,"2,026",0,0,29.163,,68.7,77.7,1.038,1.105,12.985,Cal St. Northridge
197,Montana,107.19,110.736,0.408,3–6,3,9,54.7,52.1,37.8,31.5,20.9,14.3,23.6,33.7,74.4,53.9,54.8,37.2,31.2,7,11.3,57.6,48.9,42.3,34,70.487,76.962,79.192,1.711,"2,026",0,0,3.198,,72.9,72.1,1.039,1.142,24.147,Montana
198,Tulane,109.188,112.937,0.404,8–4,8,12,49.4,53,48.6,35.2,14.6,17.5,22.8,34.8,67,53.8,50.6,28.9,37.4,13.9,8.7,51.4,58.3,42.3,43.2,66.425,77.355,79.209,1.947,"2,026",0,0,51.397,,77.4,67.1,1.071,1.115,10.647,Tulane
199,James Madison,110.833,114.643,0.404,6–6,6,12,52.7,50.7,35.6,47,16.2,14.5,30.1,31,67.8,51.7,51.5,35.9,32.9,13.4,10.3,53.1,48.7,46.1,36.8,66.513,77.308,79.92,2.049,"2,026",0,0,21.321,,71.5,73.9,1.114,1.134,12.368,James Madison
200,Charleston,107.943,111.696,0.403,6–6,6,12,49.7,52.2,44.9,28.6,15.5,15.1,31.2,31.8,68.5,53.4,51.7,29.7,35.3,12.9,10.1,48,54.3,42,44.5,67.954,78.041,81.2,1.417,"2,026",0,0,13.736,,73.2,65.4,1.096,1.107,14.196,Charleston
201,South Alabama,105.336,109.199,0.398,8–4,8,12,52.1,49.1,39.8,20.6,14.9,19.1,26.4,34,66.7,54.2,51.9,32,31.6,10.8,12.4,43.3,71.1,33.7,60.6,66.141,77.398,79.619,2.43,"2,026",0,0,1.054,,67.3,74.8,1.07,1.047,9.401,South Alabama
202,Weber St.,108.516,112.608,0.395,4–7,4,11,51.6,51.6,37.3,38.5,18,16.8,33.2,29.4,71.3,52.1,56.6,33.6,28.9,5.4,11.9,49.8,48.8,32.8,37.9,69.839,76.178,79.119,1.733,"2,026",0,0,5.065,,68.8,71.9,1.075,1.084,17.669,Weber St.
203,San Diego,108.59,112.686,0.395,4–6,4,10,50.6,55.2,29,41.2,18.2,21,32.1,38.4,69.1,52.1,56,32.5,35.9,10.2,9.8,58,50.9,45.1,36.9,69.401,76.493,79.411,2.139,"2,026",0,0,23.357,,79.7,70.9,1.067,1.127,11.642,San Diego
204,Georgia Southern,109.749,113.95,0.394,8–5,8,13,50.7,51.6,42.1,40.6,14.6,20,29.4,37,73.2,52.2,54.8,32.6,31.1,8.6,11.2,40.6,44.2,47.1,39.7,72.218,77,80.114,2.47,"2,026",0,0,11.027,,71.8,70.5,1.106,1.088,8.043,Georgia Southern
205,Valparaiso,103.13,107.152,0.392,5–6,5,11,45.9,48,34.4,40.1,16,17.9,34,33.3,67.9,46.4,49.4,30.2,30.6,13.1,8.7,47,48.7,38.9,38.6,66.953,78.162,81.256,1.484,"2,026",0,0,8.256,,70.3,73.6,1.034,1.053,14.759,Valparaiso
206,San Jose St.,107.542,111.77,0.391,4–7,4,11,49.7,56.3,32.9,30.1,17.9,19.3,34.2,36.9,66.2,47.8,58.3,35.4,35.7,5,8,41.5,59.8,35.4,42.4,65.472,76.251,79.688,1.471,"2,026",0,0,26.958,,73.3,72.5,1.07,1.146,20.097,San Jose St.
207,Old Dominion,106.017,110.348,0.387,3–9,3,12,49.3,50.5,34,41.9,16.8,13.6,25.1,30.7,70.6,47.9,53.5,34.3,29.9,8.6,11.9,49.2,55.4,39,35.3,69.375,77.557,80.548,2.142,"2,026",0,0,15.365,,75.3,74.4,1.029,1.121,21.919,Old Dominion
208,Southeast Missouri St.,106.231,110.609,0.386,3–7,3,10,50.2,56.2,34.1,55.6,18.4,18.9,29.7,27.1,73.9,53.4,56.1,29.8,37.6,8.4,9,42,46.1,36.7,35.9,71.793,76.332,79.337,2.294,"2,026",0,0,9.955,,71.8,76.3,1.035,1.131,23.474,Southeast Missouri St.
209,Southern,105.579,109.961,0.385,1–8,1,9,48.3,56.1,33.4,46.2,18.6,16.3,30.1,35.1,73.8,44.8,53.6,36.9,39.8,9,10.6,42.8,57.8,32.5,40.5,72.682,76.607,79.384,2.443,"2,026",0,0,0.2,,64.6,78.3,0.995,1.213,32.553,Southern
210,Rice,105.737,110.179,0.384,4–7,4,11,46.9,51.6,38.6,37.9,18.4,17.9,33.6,34.2,68.7,42.2,51.3,36.2,34.8,10.3,11.1,47.1,52.7,39.2,34.7,66.919,76.522,79.475,2.22,"2,026",0,0,9.974,,68,72.2,1.018,1.105,16.205,Rice
211,Northeastern,103.285,107.625,0.384,4–6,4,10,50.6,52,34.2,41.8,19.1,19.6,29.7,29.9,69.9,52.5,54.2,31.4,31.7,10.8,10.1,54.4,45.6,35.9,33.5,70.561,77.696,79.906,1.332,"2,026",0,0,0.2,,70,74.1,1.034,1.061,14.503,Northeastern
212,Queens,115.119,120.031,0.382,4–7,4,11,56.2,55.7,30.2,37.5,16.6,14,32.5,37.3,70.8,58.6,55.6,35.7,37.2,7.9,8.3,56.7,54.1,48.9,40.6,69.104,78.213,80.808,1.749,"2,026",0,0,9.618,,75.7,73.4,1.169,1.237,26.976,Queens
213,Milwaukee,109.069,113.762,0.381,5–6,5,11,48.7,55.7,31.3,34.6,14,16.3,34.7,31.4,70.3,48.6,53.4,32.6,39.5,7.5,9.9,50.5,57,40.2,39.2,69.994,76.91,80.237,2.15,"2,026",0,0,12.006,,67.6,75,1.087,1.17,21.932,Milwaukee
214,Navy,103.071,107.546,0.38,6–5,6,11,48.8,49,40.9,32.7,17.7,18.5,29.8,28.2,67.8,48.7,50.3,32.7,31.4,8,10.7,56.1,50.6,32.3,39.2,68.428,74.837,78.541,2.589,"2,026",0,0,0.2,,77,72.3,1.05,1.009,13.191,Navy
215,Purdue Fort Wayne,107.883,112.625,0.379,5–6,5,11,52.4,57.3,28.2,28.3,14.8,20,23.5,35.9,71.3,55.5,56.4,32.5,39,10,8.7,49.2,56,45.7,44.4,69.784,76.323,80.296,2.102,"2,026",0,0,0.2,,71.1,78.7,1.072,1.158,23.497,Purdue Fort Wayne
216,Harvard,105.58,110.221,0.379,5–6,5,11,53.6,52.7,25.4,26.4,18.3,18.1,27.1,27.4,65.2,52.9,53.6,36.5,34.4,9.7,7.9,55.6,53.6,35,42.2,65.306,76.834,78.543,1.423,"2,026",0,0,13.111,,80.4,70.6,1.071,1.05,10.227,Harvard
217,Grambling St.,103.986,108.626,0.377,4–6,4,10,51.5,52.2,47.6,42.9,21.8,20.6,27.4,36.5,68.8,51.2,53.8,34.7,32.8,8.7,13.3,55.8,53.1,34.6,35.3,68.732,78.163,79.308,2.572,"2,026",0,0,0.321,,71.1,72.6,1.01,1.087,17.626,Grambling St.
218,Monmouth,105.487,110.246,0.376,5–7,5,12,48.8,51.6,35.3,30.3,17,18.8,31.5,32.9,67.6,47.5,50.1,34.6,36.2,13.2,11.2,55.9,55.7,31.1,36.8,67.566,78.34,80.498,1.805,"2,026",0,0,11.669,,75.3,69.2,1.045,1.073,12.932,Monmouth
219,New Orleans,107.576,112.468,0.375,3–8,3,11,49,51.8,38.1,43,21.6,13.2,32.2,34.5,70.6,47.3,53.7,34.6,32.7,10.4,12.1,55.3,63,38.3,41.1,71.458,77.782,80.851,1.772,"2,026",0,0,0.2,,73.6,72.4,1.007,1.172,32.507,New Orleans
220,Indiana St.,102.462,107.142,0.374,5–6,5,11,50.2,47.2,30.2,25.6,18.2,15,22.9,33.6,69.7,55.7,49.5,29.4,28.2,6,14.3,62.9,38.9,47.9,31.8,70.358,76.923,79.889,2.095,"2,026",0,0,0.2,,73.3,68.1,0.996,1.037,16.971,Indiana St.
221,Portland,103.722,108.585,0.371,5–5,5,10,54.5,52,35.5,32.5,21.5,18.3,26.1,30.3,74.5,58.2,53.6,31.4,33.4,10.2,6.8,65.1,62.9,33.6,47.4,71.508,78.588,81.317,1.244,"2,026",0,0,0.2,,72.2,78,1.03,1.082,15.128,Portland
222,Northern Kentucky,104.921,110.015,0.367,6–5,6,11,51.8,56.4,28.7,45.1,18.4,21.9,35.1,32.5,71,54.3,55,32.5,39,12.3,7.6,54.6,55.7,44.5,37.8,70.955,77.156,79.547,2.444,"2,026",0,0,0.2,,76.1,72.2,1.102,1.097,12.072,Northern Kentucky
223,Cal Poly,105.415,110.549,0.367,3–9,3,12,50.9,54.7,41.6,40.5,22.3,15.5,30.2,26.9,77.8,49.4,57.1,34.9,34.4,6.1,11.9,45.3,54.3,50.7,44,77.11,77.781,79.575,1.041,"2,026",0,0,0.2,,74.7,72.6,1.029,1.127,21.432,Cal Poly
224,UTEP,102.615,107.676,0.365,0–7,0,7,46.3,53,28.2,46.7,19.2,20.7,26,36.1,66.9,47.1,52.9,30,35.5,11.1,7,45,54.4,38.1,38.5,66.295,76.761,79.913,2.141,"2,026",0,0,1.997,,59.5,70.2,0.921,1.086,23.692,UTEP
225,Central Arkansas,101.951,107.093,0.362,3–8,3,11,49.5,53,28.9,30.3,18.3,17.8,25.8,28.5,71.2,51.8,58.2,31.5,31.9,4.9,10.9,57.4,61.1,50.5,50.5,70.57,76.937,79.621,1.085,"2,026",0,0,0.2,,62.2,75.1,0.985,1.078,28.505,Central Arkansas
226,Lindenwood,102.997,108.249,0.361,5–4,5,9,46.9,50.8,42.4,40.4,18.6,18,33.8,30.9,74.7,49.1,49.4,28.1,35.5,11.6,9.6,51.5,54.9,30.8,36.6,73.547,77.003,79.506,1.823,"2,026",0,0,0.2,,66.9,66.1,1.012,1.059,23.49,Lindenwood
227,Nebraska Omaha,107.949,113.491,0.36,3–7,3,10,51.8,54.4,36.4,34.9,18.2,15.2,27.2,31.8,69.1,52.1,56.8,34.2,34.4,8.4,12,48.4,61.3,41.7,46.4,68.586,77.471,80.611,2.459,"2,026",0,0,0.85,,72,75.7,1.055,1.162,18.195,Nebraska Omaha
228,LIU,105.945,111.396,0.36,6–6,6,12,53.7,52.9,35.1,35.5,20.5,18.9,34.6,37.7,71.5,52.7,54.4,37.3,33.2,12.6,11,47.4,49,29.4,32.8,71.128,77.635,79.168,2.384,"2,026",0,0,0.2,,64.3,68.2,1.064,1.116,17.347,LIU
229,Charleston Southern,104.169,109.757,0.354,5–6,5,11,52.6,47.2,27.4,39,17.3,12.2,29.3,27.8,73.6,51.4,47.6,35.8,30.9,9.6,10.2,61.5,45.8,52.7,35.2,71.78,76.777,80.112,2.303,"2,026",0,0,0.2,,69.4,68.5,1.08,1.057,11.093,Charleston Southern
230,Texas St.,101.539,107.015,0.353,6–6,6,12,47.6,51.8,34.9,38.4,20.9,20.1,35.6,28.9,67.9,47.9,49.6,31,37.1,13.1,11.2,50.8,46.5,24.7,36.4,67.149,76.65,79.545,2.007,"2,026",0,0,0.2,,75.5,70.4,1.003,1.046,8.186,Texas St.
231,Texas A&M Corpus Chris,99.238,104.674,0.351,1–6,1,7,41.4,51.7,36.7,48.8,17.5,17.3,26.9,28.1,69.5,41.2,50.6,28,35.8,7.8,16.6,55.6,63.4,32.3,35.4,68.263,76.368,79.532,2.49,"2,026",0,0,1.94,,63.3,70.3,0.892,1.073,34.568,Texas A&M Corpus Chris
232,Stony Brook,103.492,109.175,0.351,6–5,6,11,48.6,49.4,30.1,37.4,17.4,17.7,27.8,31.9,66.7,47,49.7,33.8,32.6,9.7,12.4,50.2,50.6,41.7,38.2,67.073,77.646,80.358,1.692,"2,026",0,0,3.991,,70.8,71.9,1.019,1.047,12.117,Stony Brook
233,UNC Asheville,103.977,109.746,0.35,3–8,3,11,52.4,50.7,37.7,34.8,21,14.3,26.3,33.1,68,51,52.5,36.8,31.5,6.7,6.8,40.4,48.5,32.4,34.8,66.311,78.396,81.243,1.925,"2,026",0,0,1.582,,69.7,69.4,1.014,1.104,16.435,UNC Asheville
234,American,105.644,111.599,0.347,5–5,5,10,51.3,54.7,33.1,49.3,16.7,19.9,24.8,31.4,70.7,50.2,54.5,35,36.6,4.3,10.2,46.9,49.8,46.9,34.2,70.63,76.867,78.795,1.186,"2,026",0,0,0.2,,75.9,72.7,1.065,1.099,15.909,American
235,Eastern Michigan,103.066,108.896,0.347,5–6,5,11,48.9,51.4,30.6,27.9,17.9,16.9,30.3,30,69.2,48,51.9,34,33.8,8.5,12.7,50.2,52,30.9,36,66.277,78.083,80.662,2.12,"2,026",0,0,18.058,,72.2,75.3,1.02,1.083,23.943,Eastern Michigan
236,Penn,106.162,112.211,0.346,5–5,5,10,49.7,51.7,37.2,28,17.4,15.5,31.6,31.8,70.3,45.3,54.3,38.8,32,8.5,10,56.5,52.3,34,40.2,70.806,77.736,80.809,1.925,"2,026",0,0,16.655,,70,71.6,1.055,1.105,12.522,Penn
237,Green Bay,106.965,113.151,0.344,4–7,4,11,50.6,55,46.5,41.3,16.3,12.7,22.2,28.1,65.8,51.5,59,32.9,33,7.9,10.6,53,57.3,42.1,42.4,65.174,76.942,79.201,1.648,"2,026",0,0,0.2,,71.7,71.3,1.047,1.17,21.645,Green Bay
238,Appalachian St.,102.408,108.418,0.342,6–6,6,12,49.8,47,37.3,36.2,15.9,15.5,28,33.7,64.3,51.6,49.2,31.6,29.5,9.8,7.8,50,53.6,43,44.1,63.407,76.414,79.995,1.876,"2,026",0,0,5.054,,61.2,72.8,1.03,1.067,11.448,Appalachian St.
239,Wofford,104.374,110.806,0.335,6–5,6,11,47.5,51.6,40.2,33.5,15.1,15.1,32.8,29.8,69,48.8,51.7,30.5,34.2,9,11.9,58.1,47,43.6,34.3,68.511,75.901,78.263,1.186,"2,026",0,0,0.2,,72.2,75.5,1.068,1.11,14.463,Wofford
240,Missouri St.,103.271,109.775,0.331,2–5,2,7,47.2,52.7,45.7,36.9,17.5,17.5,27.6,36.5,66.8,52.1,51.4,26.8,36.5,10.6,12,53.9,56.3,41.4,38.9,65.767,77.139,79.767,1.64,"2,026",0,0,7.701,,67.5,72.3,0.99,1.133,13.765,Missouri St.
241,Bethune Cookman,105.359,112.211,0.326,2–8,2,10,45.8,56.3,30.6,38.5,15.9,15.6,27.1,36.7,68.8,43.9,57.1,33.3,36.6,9.5,9.3,43.7,56.9,30,37.5,67.287,77.26,78.933,2.478,"2,026",0,0,0.965,,68.5,69.5,0.97,1.209,35.337,Bethune Cookman
242,Tennessee Martin,102.905,109.638,0.325,6–4,6,10,51.7,49.8,45,40.2,21.9,18.3,33.6,29.8,69,53.9,52.6,32.8,30.3,10.2,11.7,58.4,52.8,48.2,38.9,65.876,78.256,80.053,1.034,"2,026",0,0,0.2,,66.1,70.2,1.049,1.037,12.554,Tennessee Martin
243,Cal St. Fullerton,104.942,111.886,0.324,3–8,3,11,50.9,55.2,36.8,40.1,14.5,17.2,25.2,26,78.2,52.2,55.3,32.6,36.7,6.5,7.7,48,53.3,38.8,46.3,75.949,75.91,79.146,1.921,"2,026",0,0,6.189,,67.9,75.9,1.062,1.119,18.847,Cal St. Fullerton
244,Lamar,101.399,108.109,0.324,3–6,3,9,46.7,53.4,26.3,43.6,17.4,19.7,32.5,28.6,68,46,52.2,32.1,36.9,16.9,6.7,57,52,33.1,38.8,67.076,77.383,81.174,2.156,"2,026",0,0,0.2,,68.5,68.6,0.998,1.062,14.503,Lamar
245,Jacksonville St.,101.998,108.776,0.323,2–6,2,8,46.3,48.9,37.8,40.9,16.2,16.2,30.3,27,65.6,45.4,48.2,31.8,33.3,8.6,10,54.7,51.4,42.5,42.8,64.785,77.224,80.329,2.076,"2,026",0,0,0.558,,61.4,77.7,0.998,1.057,8.142,Jacksonville St.
246,Coastal Carolina,98.279,104.815,0.323,6–6,6,12,45.2,46.1,29.9,43.1,13.5,13.7,23.4,26.4,70.8,43.1,44.6,32.1,32.4,8.3,7.2,42,41,40.5,36.3,71.315,77.456,80.528,2.099,"2,026",0,0,15.238,,70.4,70.4,0.967,1.03,13.363,Coastal Carolina
247,Brown,97.709,104.222,0.323,4–7,4,11,48.3,47.9,28.1,29.4,19.3,19.1,29.6,30.9,66.2,46.7,50.5,33.9,29.2,13.1,8.8,59,50.9,37.2,39.8,67.331,76.808,79.77,1.37,"2,026",0,0,9.243,,69.1,75.9,0.987,1.007,8.871,Brown
248,Pepperdine,100.71,107.487,0.321,3–8,3,11,47.9,49.8,33.9,29.5,19.3,17,30.2,32.6,68,49.2,51.8,30.8,31.4,7.3,13.5,56.6,53.5,41.8,41.9,67.299,78.473,81.526,1.404,"2,026",0,0,29.505,,81,74.4,1.013,1.061,11.134,Pepperdine
249,Norfolk St.,98.935,105.649,0.32,3–8,3,11,45.9,50.7,37.4,43.6,18.6,17.3,30.8,31.6,68.9,45,56,32.1,29.3,8.3,12,44.4,62.2,29.1,44,67.823,76.699,79.573,2.424,"2,026",0,0,0.223,,59.5,67.5,0.953,1.073,21.827,Norfolk St.
250,Dartmouth,103.193,110.24,0.319,4–6,4,10,52.6,50.3,39.6,25,21.3,14.3,29.3,28.9,69.9,48.4,54.1,37.9,29.5,9.3,12.8,56.6,41.8,49.9,38.6,71.799,77.2,79.497,1.878,"2,026",0,0,0.2,,71.8,74.1,1.042,1.078,10.174,Dartmouth
251,UC Riverside,106.299,113.676,0.316,4–7,4,11,52.2,54.2,36.5,37.1,20.5,13.5,25.7,28.5,70.2,52.9,55,33.9,35,10.2,8.6,48.4,49.8,36.7,33.3,68.488,78.139,80.642,2.154,"2,026",0,0,0.2,,72.7,66.9,1.021,1.138,20.933,UC Riverside
252,Utah Tech,104.02,111.264,0.316,4–6,4,10,50.8,52.3,29.9,35.4,18,18.3,28.4,33.6,68.8,55.6,55.5,29.4,30.9,5.9,7.7,47.4,50,41.4,34.7,66.615,78.018,79.89,1.667,"2,026",0,0,0.2,,69.8,74.9,1.031,1.099,23.025,Utah Tech
253,Nicholls St.,103.153,110.352,0.315,2–8,2,10,50.2,57,35.4,47,16.2,20.5,25.2,32.6,70.4,49.8,57.8,33.7,37.1,6.4,10.8,50.4,57.7,42.8,35.9,70.511,77.436,80.173,2.655,"2,026",0,0,5.691,,63.1,75.6,1.015,1.148,24.791,Nicholls St.
254,North Alabama,103.651,110.89,0.315,3–6,3,9,45.1,51.6,34,33.9,16.8,13.8,31.5,34.5,66.1,43.8,52.2,31.6,33.9,13.5,12.6,43.1,60.3,33.7,45.5,67.623,77.799,79.954,1.997,"2,026",0,0,6.244,,68.2,67.6,0.988,1.139,19.657,North Alabama
255,Chattanooga,106.341,114.107,0.308,3–7,3,10,51.1,53.5,35.7,42.3,14.8,15.5,21.5,33,67,53.7,53.3,32.4,35.8,3.6,8.6,61.1,57.7,50.9,40.7,65.551,76.012,79.978,2.133,"2,026",0,0,0.2,,75.9,76.1,1.053,1.168,15.787,Chattanooga
256,Delaware,104.277,111.962,0.306,4–6,4,10,53.8,50.2,24.4,28.2,19.7,15.4,23,31,66.8,51,48.6,38.3,35.1,10.2,11.3,57.6,55.2,43.6,41.6,65.194,78.396,80.54,1.749,"2,026",0,0,16.014,,73.1,78.2,1.02,1.093,15.21,Delaware
257,USC Upstate,102.663,110.364,0.303,5–7,5,12,49.1,48.6,37.2,37.6,17.6,16,27.5,31.4,69.7,49.9,47.4,31.8,33.9,12.1,8.8,46,45,38.3,34.5,68.911,76.648,80.11,1.932,"2,026",0,0,6.711,,68.5,73.3,1.02,1.059,19.501,USC Upstate
258,Hampton,103.862,111.818,0.3,4–7,4,11,46.3,51.9,47.5,44.8,19,18.5,35.3,32,67,47.6,55.1,29.5,31.1,9.1,14.4,50.6,54.6,37.3,37.1,67.141,77.098,80.62,2.256,"2,026",0,0,9.987,,73,67.9,1.037,1.078,12.063,Hampton
259,Eastern Washington,108.446,116.764,0.299,1–10,1,11,52.2,59.6,32.8,36,19,17.5,29.9,32.1,70.8,52.9,59.2,34,40.2,6.7,8.1,45.2,51,36.2,38.1,70.288,76.592,80.159,2.703,"2,026",0,0,4.753,,69.9,70.2,1.053,1.185,21.044,Eastern Washington
260,Campbell,103.011,110.954,0.299,3–7,3,10,44.8,55,47.7,35.4,21.5,16.2,32.9,31.7,72.4,48.9,54.9,25,36.9,4.3,9.1,43,55.7,36,30.8,72.3,76.644,79.456,2.205,"2,026",0,0,0.2,,68.5,77.2,0.956,1.153,30.548,Campbell
261,La Salle,100.848,108.642,0.298,3–9,3,12,45.5,54,34.5,30.1,21.2,17.5,37.4,32.1,66.3,45.7,52.3,30,37.6,8,13.2,59.1,61.8,28.1,42.2,65.814,77.808,80.521,2.05,"2,026",0,0,9.323,,73.8,68.1,0.989,1.111,19.137,La Salle
262,Sacramento St.,103.016,111.076,0.296,1–7,1,8,42.3,53.5,36.3,39.4,17.8,17.5,31.9,35.7,71.6,42.2,56.6,28.3,32.8,8.9,8.8,49.2,58.4,36.9,42.1,72.471,77.532,80.377,1.597,"2,026",0,0,23.687,,76.3,70.2,0.957,1.141,28.802,Sacramento St.
263,Tennessee St.,100.84,108.884,0.293,4–5,4,9,44.5,53.5,35.4,53.1,18.8,21.4,33.1,31.2,73.3,46,57.5,27.4,30.9,8,8.6,43.6,50.4,31.3,35.9,72.591,76.931,79.342,2.549,"2,026",0,0,3.404,,72.7,72.6,0.973,1.077,20.972,Tennessee St.
264,Wagner,103.002,111.279,0.291,2–6,2,8,51.3,50.4,31.8,47.5,19.8,15.2,31.2,35.8,68.7,47.1,50.3,38.9,33.7,7.2,12.1,50,57.5,37.1,36.8,67.968,76.242,78.544,1.926,"2,026",0,0,0.2,,67.3,70.9,1.032,1.149,22.297,Wagner
265,Fairfield,104.672,113.114,0.291,7–5,7,12,48.3,51.2,25.2,31.7,15.2,15.2,34.9,26.6,68.8,46.8,51.2,33.9,34.1,9.4,12.3,42.1,53.1,36.3,35.7,68.715,76.353,79.682,1.201,"2,026",0,0,0.2,,70.9,74.8,1.069,1.079,9.76,Fairfield
266,Radford,105.598,114.13,0.29,4–8,4,12,50.1,53.4,40.7,45.9,17.1,18.9,29.6,34.2,74.4,51.3,52.3,32.5,36.6,10.7,8.6,49.8,56.7,49.4,39.9,73.835,77.084,80.236,2.047,"2,026",0,0,26.807,,71.2,73.7,1.063,1.121,17.2,Radford
267,Princeton,99.705,107.806,0.289,2–10,2,12,47.7,53.5,34,41.2,18.9,15.1,26.2,22.7,67.7,47.1,58.9,32.2,30.8,4.8,12.2,56.4,50.7,48.4,42.6,67.314,77.648,80.081,1.019,"2,026",0,0,16.639,,68.3,73.8,0.973,1.095,17.112,Princeton
268,South Dakota,107.115,115.894,0.288,5–7,5,12,48.2,56.5,47.2,34.7,18.4,18.1,35.6,33,73.8,49,58.1,31,34.9,6.8,10.7,39.4,48.8,30.5,28.5,72.448,77.093,79.55,1.217,"2,026",0,0,0.811,,72.5,75.2,1.07,1.144,17.404,South Dakota
269,Evansville,100.694,108.98,0.287,2–9,2,11,46.8,54.9,38.8,34.7,18.7,18.7,26.7,31.5,68.9,48.8,52.1,29.3,39.2,12.7,5.5,54.7,54.3,42.8,42.2,69.039,78.894,81.723,1.821,"2,026",0,0,23.869,,71.5,73.4,0.969,1.122,20.622,Evansville
270,SIU Edwardsville,100.983,109.311,0.287,4–5,4,9,47.7,47.9,30.5,33.5,16,17,30.7,32.7,67,47,47.5,32.6,32.2,13.4,10.5,48.5,50,35.1,46.3,66.454,77.515,81.388,2.665,"2,026",0,0,6.072,,66.1,77.4,1.023,1.054,10.586,SIU Edwardsville
271,Houston Christian,106.707,115.56,0.286,3–7,3,10,52.8,57.2,36.4,27.7,17.1,16.4,28.6,26.6,64.6,53.4,57.4,34.4,38,10.2,8.1,59.4,55.3,38.4,41.4,63.86,76.508,78.438,2.772,"2,026",0,0,4.925,,62.6,71.2,1.068,1.136,10.857,Houston Christian
272,Sacred Heart,105.475,114.227,0.286,4–7,4,11,51.4,55,28.4,31.7,19.1,18,31.7,34.1,70.4,49.2,55.9,35.7,36.1,7.9,8.3,55.8,61.8,51.1,47.3,69.316,76.915,79.826,1.847,"2,026",0,0,4.492,,77.9,69.2,1.066,1.137,12.751,Sacred Heart
273,Southeastern Louisiana,100.144,108.642,0.282,3–8,3,11,45.5,54.3,39,47.9,17.5,20.7,26.2,28.5,66.2,49.9,54.7,26.4,35.7,7.6,9.2,53.1,55.6,42.1,37.7,66.245,76.529,79.036,1.922,"2,026",0,0,0.2,,71.1,73.4,0.973,1.072,17.241,Southeastern Louisiana
274,UNC Greensboro,104.356,113.421,0.277,2–9,2,11,49.3,54.9,45.7,29.5,17,14,25.6,32.1,70,49.6,53,32.7,38.2,5.1,9.9,47.1,50,42.3,44.3,68.629,75.872,79.334,1.634,"2,026",0,0,7.892,,68,71.4,1.025,1.173,16.687,UNC Greensboro
275,Alabama St.,106.031,115.32,0.276,2–8,2,10,48.3,56.3,31,37.4,17.2,17.4,30.3,36.2,70.7,44.7,58.9,36.1,35.4,9.7,11.6,48.4,61.6,37.4,45.3,68.528,76.921,79.923,2.086,"2,026",0,0,5.51,,70.7,69.5,1.017,1.185,23.802,Alabama St.
276,Detroit Mercy,104.913,114.115,0.276,3–7,3,10,45.6,54.1,27.8,39.5,15.9,14.5,33.5,32,70.5,47.3,55.4,28.2,35,8.3,7.3,47.7,64.3,34.2,46,69.781,77.361,80.421,1.424,"2,026",0,0,4.8,,78.8,70.2,1.031,1.16,18.94,Detroit Mercy
277,Drexel,103.17,112.258,0.275,5–7,5,12,50.1,50.2,31.2,41.2,19,17.6,34.3,29.4,66.8,47.8,49.8,35.6,34.1,10.4,9.7,55,48.8,40.8,33,66.23,77.152,80.967,2.138,"2,026",0,0,1.676,,65.4,74.9,1.046,1.061,7.256,Drexel
278,Samford,104.184,113.524,0.271,5–6,5,11,47.7,53.4,40.5,30.8,14,14.6,26.6,29.6,69.6,49.2,50.8,30.7,38.8,7,11.5,51.5,48.3,46.1,35,67.361,76,79.232,1.732,"2,026",0,0,11.21,,66.5,73.5,1.038,1.131,18.82,Samford
279,Eastern Kentucky,104.744,114.15,0.271,2–9,2,11,47.2,55.2,27.4,35,18.8,14.2,31.7,31.5,70.5,48.2,55.6,30.8,36.4,9.4,7.9,49.1,56.7,50.1,39.5,69.116,76.132,79.32,1.82,"2,026",0,0,8.852,,72.3,71.8,1.011,1.168,20.966,Eastern Kentucky
280,East Carolina,99.413,108.396,0.27,4–7,4,11,44.8,52.7,42.7,33.4,18.8,18.4,32.8,29.9,69.6,46.8,53.3,27,34.5,10.3,8.2,46.5,54,31.9,39.9,70.65,76.924,81.345,1.913,"2,026",0,0,23.262,,70.1,74.4,0.979,1.073,14.133,East Carolina
281,Northern Arizona,100.705,109.931,0.267,3–7,3,10,49.1,52.5,29,34.2,17.9,17.9,23.8,32.4,69.2,47.4,52.4,35.1,35,8,9.7,48.8,53,33.3,40.6,67.2,77.172,80.136,1.589,"2,026",0,0,0.2,,64.5,70.3,0.968,1.101,19.476,Northern Arizona
282,Long Beach St.,105.045,114.763,0.265,2–10,2,12,49,58.6,26.2,42.9,17.5,18.9,29.6,29,68.6,51,59.2,30.5,38.4,6.6,5.4,44.8,53.1,36.5,37.2,68.651,77.518,80.8,1.444,"2,026",0,0,9.989,,70.2,76,1.011,1.161,20.491,Long Beach St.
283,Merrimack,101.58,111.068,0.264,6–7,6,13,45.8,49.9,34.8,41.3,15.4,19.8,23.9,42.9,65,46.3,51.2,30.1,31.5,12.1,12.9,54.9,53.9,48.6,32.6,65.198,76.563,78.706,1.509,"2,026",0,0,0.2,,77.7,72.5,0.997,1.108,16.195,Merrimack
284,Western Michigan,105.128,115,0.263,5–6,5,11,50.2,53.1,29.2,38.2,18.9,13,29.8,28.3,70.6,50.1,52.6,33.5,35.7,7.6,10.9,53.1,58.2,36.1,48.6,69.528,77.19,80.61,1.473,"2,026",0,0,7.108,,74.6,68.8,1.041,1.13,16.151,Western Michigan
285,Denver,111.569,122.076,0.262,4–7,4,11,52.8,60.5,35.8,34.7,15.9,14.6,28.5,37.2,69.7,51.4,59,36.7,41.9,5.1,9.2,40.2,44,37.9,38.7,68.989,77.247,79.448,2.251,"2,026",0,0,0.2,,75.3,70,1.116,1.272,25.346,Denver
286,Howard,99.121,108.501,0.261,6–5,6,11,47.4,51.5,41.3,40.5,19.6,21.3,30.4,32.7,69.3,45.3,53.7,34.3,31.8,10.3,10.9,55.2,43.6,33.2,37,69.251,76.171,78.689,1.87,"2,026",0,0,0.2,,72.8,68.9,0.995,1.04,14.366,Howard
287,Tennessee Tech,102.864,112.853,0.256,3–7,3,10,50.7,53.7,35,36.3,19.6,16.3,25.9,30.9,72.5,52.3,50.7,31.9,38.6,8.6,12.1,48.4,58.4,36.5,41.3,70.62,76.512,78.796,2.356,"2,026",0,0,3.356,,73.6,74.4,1.008,1.139,20.513,Tennessee Tech
288,Texas Southern,102.299,112.516,0.251,0–8,0,8,44.7,59.1,39.2,48.8,20.4,15,25.8,36.5,73,45.6,63.3,28.5,36.4,8.2,8.8,37.4,62.1,31,48,71.189,77.165,79.828,2.37,"2,026",0,0,3.043,,68.1,74.2,0.909,1.282,42.492,Texas Southern
289,Northwestern St.,106.103,116.75,0.25,1–8,1,9,50.1,57.7,41.8,45.9,20.5,16.9,25.5,39,66.8,47,56.7,36.7,39.5,6.2,13.6,50.2,60.7,38.5,39.6,66.569,76.186,78.862,2.06,"2,026",0,0,0.2,,74.4,71.1,1.006,1.227,27.809,Northwestern St.
290,UMBC,103.499,113.974,0.248,4–6,4,10,52.6,52.8,29,25.5,18.9,13.9,25.2,28.7,68,54.6,51,33,37.6,8,6.3,52.5,47.4,40.7,32.8,67.064,76.896,79.257,2.05,"2,026",0,0,6.995,,69.5,75.2,1.029,1.116,16.621,UMBC
291,Saint Peter's,100.634,110.918,0.246,4–5,4,9,44.6,52.4,32.2,54.5,16.8,22.7,31.9,36.9,66.1,44.8,51.6,29.5,35.8,9.5,12.1,51.2,63.9,44.4,39,66.131,76.827,79.758,1.991,"2,026",0,0,0.2,,78.5,71.1,1.014,1.075,15.741,Saint Peter's
292,Presbyterian,99.859,110.227,0.243,4–8,4,12,46.8,50.6,33.1,38.8,21.1,16.2,36.3,31.2,64.1,49.2,51.2,27.9,33.1,11.7,9.5,54.9,51.9,32,36.8,63.546,78.008,80.485,1.498,"2,026",0,0,0.2,,66.5,71,0.976,1.087,15.158,Presbyterian
293,UTSA,99.646,110.01,0.243,2–7,2,9,41.9,50.3,33,35.7,18,14.9,31.1,37.4,70.9,42.3,50.6,27.6,33.2,11.6,13.7,44.2,53.6,44.9,43,69.905,77.73,79.43,1.427,"2,026",0,0,29.811,,65.2,71.7,0.92,1.136,23.029,UTSA
294,Alabama A&M,101.083,111.898,0.237,4–6,4,10,44.8,53.9,39.3,39.6,16.7,16.5,25,28.8,67.1,42.4,55.5,33.2,34.4,8.2,8.4,41.9,58.3,33.3,40.1,65.799,77.243,80.123,2.473,"2,026",0,0,11.24,,70,68.8,0.964,1.108,19.682,Alabama A&M
295,Bellarmine,107.093,118.595,0.236,3–6,3,9,56.5,58.2,34.6,36.4,18.8,16.3,19.1,34.2,68,60.1,62.6,34.2,35.6,4.8,9.4,53.2,51,41,47.8,66.736,77.48,79.436,1.901,"2,026",0,0,0.2,,79.8,70.2,1.082,1.2,21.305,Bellarmine
296,Le Moyne,108.181,119.935,0.234,4–7,4,11,53.7,53.1,39.3,34.8,19.7,14.9,27.6,33.8,69.8,51.8,47.4,37.5,41,11.9,8.8,60.1,58.6,41.3,40.3,69.484,77.08,79.397,1.753,"2,026",0,0,0.234,,75,78,1.071,1.178,15.89,Le Moyne
297,Bucknell,99.215,109.996,0.234,3–10,3,13,46.9,57.3,30.7,35.4,21.2,17.8,27.1,30.9,67.9,46.9,55.1,31.2,40.1,6.8,12,54.9,59.2,44.3,43.6,67.872,76.882,81.49,1.544,"2,026",0,0,0.2,,73.2,68.7,0.942,1.15,20.872,Bucknell
298,Western Carolina,101.751,112.929,0.232,2–7,2,9,47.3,58.4,31.8,41.7,20.8,15.9,28.6,27.5,74.2,48.9,57.4,29.9,39.8,5.7,9.3,44.2,53.2,38.8,45.2,71.6,77.172,81.171,1.891,"2,026",0,0,0.2,,67.1,70.2,0.945,1.182,31.62,Western Carolina
299,Mount St. Mary's,100.301,111.328,0.232,3–9,3,12,51.8,51.6,32.3,40.7,24.3,14.7,27.8,28.3,70.2,52.1,51.2,34.3,34.8,8.5,9.1,60.8,51.6,46.6,45.1,69.56,76.934,80.184,2.282,"2,026",0,0,1.966,,64.6,74.7,0.962,1.112,17.365,Mount St. Mary's
300,East Texas A&M,100.412,111.497,0.231,4–6,4,10,49,57.3,33.2,36,20.9,18.6,24.1,31.2,72.4,50,56.4,31.9,39.2,8.1,9.8,59.5,58.3,46.2,37.6,71.477,76.737,79.567,2.441,"2,026",0,0,12.035,,71.4,66.7,0.957,1.131,27.34,East Texas A&M
301,Manhattan,106.852,118.707,0.23,4–8,4,12,48.7,55.1,38.1,22.9,16.5,17,26.3,40.2,70.5,47.2,54.7,34.1,37.2,7.1,10.1,49.8,58.1,37,37.3,70.234,75.481,79.372,1.849,"2,026",0,0,6.85,,75.8,73,1.033,1.188,16.115,Manhattan
302,Central Connecticut,100.505,111.773,0.228,4–5,4,9,49,51.1,29,25.8,15.5,14.9,26.6,29.3,67.8,46.9,49.7,35.3,35.4,13.4,8,54.6,52.3,34.5,40.8,66.849,77.527,79.769,1.876,"2,026",0,0,0.2,,70.3,76.2,1.021,1.09,15.862,Central Connecticut
303,Boston University,110.104,122.78,0.222,4–8,4,12,55.7,56.8,30.7,38,19.1,15.3,30.8,31.3,63.9,55.6,55.7,37.2,39,9.9,9.8,56.3,52,45.6,40.5,63.683,77.221,80.747,1.424,"2,026",0,0,9.036,,67.2,70.5,1.105,1.183,11.455,Boston University
304,Oral Roberts,102.538,114.392,0.221,2–9,2,11,49.5,55.6,35.9,39.7,20.3,16.3,26,36.1,70.8,47.4,56.8,34.6,35.7,9.2,12.5,44.1,46.1,46.8,36.8,69.482,76.726,79.369,1.519,"2,026",0,0,16.456,,77,71.2,1.006,1.173,20.032,Oral Roberts
305,UMass Lowell,103.142,115.128,0.22,2–9,2,11,49.8,55.6,40.1,30.5,21,16.2,29.5,35.7,71.5,49.5,54.4,33.7,38.4,6.5,10.4,51.5,51,33.1,37.3,71.31,76.388,79.105,1.718,"2,026",0,0,4.49,,62.9,72.5,0.983,1.173,21.482,UMass Lowell
306,Albany,103.039,115.148,0.218,1–10,1,11,49,55.1,27,38,18.7,15.8,29.6,36.7,68.9,51.3,56,30.4,35.9,10,10.4,50.9,60.1,39.4,40.1,68.448,76.475,80.941,1.994,"2,026",0,0,2.273,,60.2,73.4,0.984,1.19,17.489,Albany
307,Ball St.,98.788,110.665,0.213,2–9,2,11,45.4,53.4,30.2,28.4,17.4,19.5,27.7,33.4,66.5,46.3,52.9,29.4,36,9.5,13,55.6,57.4,40.3,42.1,65.675,76.246,79.128,1.998,"2,026",0,0,9.919,,69.1,75.6,0.966,1.087,9.764,Ball St.
308,Morehead St.,100.158,112.251,0.212,3–7,3,10,45.7,51,34.3,37.9,20.3,16.8,34.5,38.8,70.3,45.8,52.1,30.4,33.1,9.1,10.1,44.3,59.8,32.4,44.1,67.912,76.661,79.816,1.766,"2,026",0,0,0.2,,71.2,71.1,0.976,1.147,23.021,Morehead St.
309,Cal St. Bakersfield,101.802,114.105,0.212,3–8,3,11,44.5,52.4,49.2,43,21.4,18.7,33.3,40.1,71.9,45.9,55,27.5,32,16.5,9.4,44.2,53.1,29.5,37.1,70.979,77.605,80.006,2.525,"2,026",0,0,0.2,,75.2,69.6,0.981,1.132,16.035,Cal St. Bakersfield
310,Longwood,102.35,114.883,0.209,5–7,5,12,46.7,55.2,48.2,41.6,19.7,19.6,33.3,27.8,70,50.6,57.8,26.7,34.6,5.6,10.1,52.8,54.9,36.6,43.6,70.792,76.978,79.426,2.127,"2,026",0,0,32.848,,76.9,71.2,1.028,1.094,10.963,Longwood
311,West Georgia,100.712,113.571,0.201,4–5,4,9,47,52.9,27.3,34.6,17.2,16,31,32.7,70.3,44.3,55.8,35.4,31.9,11.3,7.6,46.4,57.8,31,37,69.23,77.196,79.565,1.854,"2,026",0,0,0.2,,70.1,72.7,1.001,1.127,20.588,West Georgia
312,Northern Illinois,103.334,116.534,0.201,3–7,3,10,48.6,57.2,42.2,39.2,22.7,16.9,35.9,35.3,69.3,48.4,61.2,32.5,34.1,4.1,13.9,51.3,53.1,43.5,39.6,68.621,76.796,79.831,0.91,"2,026",0,0,2.796,,65.3,71.9,1.006,1.175,19.937,Northern Illinois
313,Bryant,98.446,111.062,0.2,2–9,2,11,45.8,50.3,24,26,21.4,14.2,25.5,32,66.8,47.8,48,29.4,36.3,10.8,8.9,58.5,58.8,52.2,35,66.335,79.312,81.455,1.185,"2,026",0,0,19.364,,77.6,70.7,0.92,1.083,20.377,Bryant
314,Mercyhurst,98.289,111.235,0.194,3–8,3,11,47.2,51.2,24.3,48.7,16.7,19.9,26.8,33.3,65.1,48.7,50.8,29.3,34.5,12.6,9.5,54.1,54.2,31.5,35.8,65.464,75.13,77.891,1.804,"2,026",0,0,0.2,,64.1,75.4,0.965,1.082,19.513,Mercyhurst
315,Eastern Illinois,98.746,111.768,0.194,2–8,2,10,45.2,54.1,32,34.2,20.9,17.5,25,37.6,67.2,45.7,60.4,29.5,30.8,8.1,12,49.8,58.4,32,43.8,66.454,76.387,79.133,2.029,"2,026",0,0,0.2,,77.5,72.9,0.916,1.161,30.213,Eastern Illinois
316,New Hampshire,96.856,109.63,0.194,2–8,2,10,44.6,52.3,23.8,40.2,16.7,16.6,23.1,30.8,68.5,44.7,52.5,29.7,34.7,8.1,11.8,38.2,50.6,39.3,38.1,68.364,76.343,79.539,1.396,"2,026",0,0,5.871,,67.1,71,0.911,1.104,22.102,New Hampshire
317,Jacksonville,100.126,113.35,0.194,3–7,3,10,48.8,57.9,28.6,45.4,20.7,16.6,30.1,31.1,67.7,48.8,57.5,32.5,39,6.6,10.4,47.5,55.4,42.9,35.7,65.989,76.746,80.027,1.293,"2,026",0,0,20.496,,67.7,69,0.98,1.173,21.987,Jacksonville
318,North Carolina A&T,99.977,113.314,0.192,5–4,5,9,48.8,49.8,50.4,40.8,20.2,15.7,32.6,27.9,70.3,50.6,49,30.1,34.2,10.7,8.6,48.6,59.4,33.9,36.2,71.137,77.767,80.263,1.334,"2,026",0,0,3.598,,72.9,64.5,1.04,1.045,10.011,North Carolina A&T
319,Louisiana,94.494,107.347,0.187,2–11,2,13,44.6,50.1,28.8,54.5,20.2,16.8,26.5,30.5,64.2,44.4,50.5,29.9,32.9,9,9.3,45.1,52.3,40.7,38.2,64.449,77.312,79.809,1.465,"2,026",0,0,27.438,,66.3,71.5,0.896,1.086,15.682,Louisiana
320,Florida A&M,98.406,111.848,0.187,1–7,1,8,45.9,53.9,37.3,40.4,22.2,18.5,23.9,37.8,73.1,45.4,52.5,31.3,37.4,8.5,12.6,49.2,51.3,35.3,38,70.491,77.467,80.282,2.323,"2,026",0,0,21.84,,61.5,78.4,0.876,1.156,27.914,Florida A&M
321,Jackson St.,98.531,112.004,0.186,1–11,1,12,43.3,56.5,26,42.7,21.7,15.6,22.8,41.3,71.1,41.4,59.9,30.4,34.8,7.3,13.8,46.6,65.9,45.3,44.9,70.756,76.694,80.19,1.559,"2,026",0,0,25.396,,73.7,71.9,0.854,1.249,37.3,Jackson St.
322,Lehigh,100.099,113.803,0.186,2–9,2,11,49.8,51.9,31.5,37.2,19.5,18.8,24.1,37.6,67.6,49.6,51.7,33.3,34.9,6.8,11.7,49.4,44.2,42.6,26.8,68.211,76.246,79.705,1.344,"2,026",0,0,1.208,,67.9,72.4,0.975,1.105,18.362,Lehigh
323,Arkansas Pine Bluff,100.732,114.571,0.185,1–10,1,11,45.4,57,29.4,47.4,20.1,14.5,26.6,35.8,75.7,46.1,57.4,29.5,37.6,9.3,9.9,55,62.9,37.9,42.5,74.273,77.065,79.584,2.106,"2,026",0,0,19.926,,77.5,75.7,0.928,1.249,33.663,Arkansas Pine Bluff
324,Prairie View A&M,100.247,114.123,0.184,1–6,1,7,44.5,56.3,37.2,53.3,16,20.4,25.2,37.6,74.9,44.8,56.3,29.1,37.6,11.8,8.8,36,55.8,29.2,37,73.063,76.009,79.312,2.814,"2,026",0,0,0.334,,75.3,72.6,0.97,1.163,22.586,Prairie View A&M
325,Lafayette,102.224,116.425,0.183,2–10,2,12,48.8,53.7,31.8,32.1,17.3,14.3,27,34.4,68.3,44.8,53.2,36.8,36.3,5.2,14.3,52.4,59.5,39.3,36.6,68.175,75.935,80.562,1.179,"2,026",0,0,3.778,,71.8,73.9,1.017,1.166,14.594,Lafayette
326,North Dakota,98.049,111.729,0.182,3–10,3,13,46,56.1,35.8,46.3,16.2,20.5,25,33.6,70.8,47.8,59.2,28.9,34.7,7,9,44.7,61.2,40.4,42.9,69.579,76.895,80.067,1.471,"2,026",0,0,14.433,,65.5,69.3,0.956,1.127,21.437,North Dakota
327,Air Force,97.647,111.416,0.18,3–9,3,12,51,52.5,43.7,34.4,21.2,17,25.5,31.2,67.2,53.4,53.7,31.7,33.7,8.9,10.6,56.1,53.3,40.7,36.2,65.124,78.19,81.077,0.797,"2,026",0,0,0.2,,64.4,71.2,0.975,1.104,11.614,Air Force
328,Central Michigan,102.036,116.558,0.178,2–8,2,10,48.6,55.4,26.7,43.6,18.3,16.1,32.3,36,67.1,51.1,56,29.5,36.3,12,7.9,58.4,58.6,35.7,39.9,66.517,77.628,81.047,2.127,"2,026",0,0,7.787,,71.3,66.8,1.019,1.182,13.649,Central Michigan
329,Cleveland St.,104.601,119.82,0.173,1–10,1,11,51.1,56.8,42.2,33.9,20.1,14.6,28.5,39.2,72.3,45.5,59.5,38.1,35.5,6.6,16.9,57.9,56.2,48.4,43.1,70.137,76.389,79.071,2.139,"2,026",0,0,6.617,,73.9,74.6,1.037,1.257,17.248,Cleveland St.
330,Loyola Chicago,105.235,120.57,0.173,4–9,4,13,50,52,41.1,33.7,17.9,12.5,32.4,33.7,64.8,51.7,48.1,32.2,38.1,12,12.3,58.6,61.4,48.9,43.4,66.245,77.588,80.309,1.815,"2,026",0,0,26.447,,70.1,79.4,1.07,1.184,11.877,Loyola Chicago
331,Southern Utah,99.305,114.099,0.168,1–9,1,10,46.8,58.1,23.9,26.1,19.7,14,25.2,32,71.5,50.8,55.8,26.3,41.9,9.3,12.3,46.5,47.9,35.3,32.8,71.211,78.471,81.776,1.953,"2,026",0,0,10.944,,70.1,73.1,0.93,1.211,24.183,Southern Utah
332,Alcorn St.,99.978,115.104,0.165,1–10,1,11,48.7,59.5,23.3,41.8,24.1,17.5,28.1,42.4,73,45.3,61.6,36.8,37.2,11,8.5,41,54.2,34.2,36.9,72.362,76.609,79.243,1.899,"2,026",0,0,4.378,,62.7,74.6,0.902,1.271,33.043,Alcorn St.
333,Army,99.678,114.795,0.165,3–7,3,10,47.6,54.2,26.9,38.4,17.6,14.3,26.3,28.9,68.9,49.1,58.7,30.9,32.7,2.5,12.4,54.7,54,53.8,46.9,67.456,76.03,78.493,1.376,"2,026",0,0,0.2,,75,74.6,0.985,1.165,15.191,Army
334,Holy Cross,101.416,116.825,0.164,3–8,3,11,49.2,57.7,28.4,27.6,17.3,15.5,21.2,27.6,66.4,51.2,61.5,31,34.9,3.3,12.6,46.5,51.9,43.3,41.6,65.711,76.719,78.724,1.463,"2,026",0,0,10.608,,71.3,75.1,0.979,1.168,17.642,Holy Cross
335,VMI,103.19,118.88,0.164,2–8,2,10,46.8,56.4,34.9,35.6,17.1,17.7,29.6,41.4,69,48.6,57.1,30.1,37,6.1,11.2,48.7,62,52.6,43.4,67.828,76.676,78.641,1.293,"2,026",0,0,0.2,,72.7,71.4,1.012,1.222,17.387,VMI
336,Chicago St.,100.966,116.426,0.163,1–11,1,12,42.9,58.4,31.5,39,18.5,18.5,30.6,38.7,69.4,42.8,65.1,28.7,35.4,4.4,8.8,40.9,74.3,27.7,55.3,69.123,75.727,78.571,2.451,"2,026",0,0,2.574,,77.5,73.1,0.932,1.231,35.107,Chicago St.
337,Georgia St.,95.559,110.994,0.152,2–10,2,12,41.5,50.8,35.1,38.6,18.7,16.1,26.6,34.4,70.5,41.9,50.7,27.4,33.9,6.6,7.7,49.4,50.9,45.8,37.9,70.258,77.246,79.721,1.36,"2,026",0,0,14.881,,77,69.9,0.904,1.109,14.726,Georgia St.
338,North Florida,102.931,119.585,0.151,0–10,0,10,50.6,58,25.6,35.1,21.2,14.9,21.8,45.3,74,49.1,63.1,34.6,33.1,3.3,17.4,51.8,55.7,52.4,37.8,72.242,77.069,79.35,1.714,"2,026",0,0,0.2,,76.2,66.9,0.962,1.282,36.446,North Florida
339,Little Rock,99.112,115.23,0.15,2–9,2,11,49.3,59.1,28,32.2,23.5,18.9,30.2,35.4,67.8,46.9,58.1,36.6,40.2,11.6,6.1,50,58.3,30.1,44.8,66.297,78.369,80.588,2.24,"2,026",0,0,25.822,,60.6,66.8,0.941,1.174,15.499,Little Rock
340,UMKC,95.164,110.896,0.147,0–11,0,11,44.4,55.5,32.6,32.2,20.5,18.1,27.7,37.9,72.8,46.9,58,26.5,34.1,5.7,9.7,46.7,55,34.1,36.7,70.732,76.739,80.009,2.26,"2,026",0,0,1.585,,69,67.4,0.91,1.152,22.763,UMKC
341,Stonehill,95.093,110.887,0.146,1–9,1,10,47,49.9,19.3,35.8,21.9,12.1,27.7,26.7,69.1,45.6,50.6,32.8,32.4,10.6,10.8,49.6,42.4,39.2,36.8,68.173,77.419,79.971,2.184,"2,026",0,0,0.2,,69.3,64.4,0.907,1.074,17.414,Stonehill
342,Loyola MD,103.429,120.882,0.143,2–9,2,11,50.6,55.6,33.1,37.8,18,16.9,27.9,35.1,69.6,53.9,58.2,31.2,34.1,9.2,10.7,51.8,52.5,46.1,36.1,69.189,77.279,79.668,1.467,"2,026",0,0,0.2,,66,72.4,1.029,1.164,14.069,Loyola MD
343,New Haven,95.802,112.026,0.142,2–6,2,8,44.8,52.2,29.5,35.2,20,17.9,23.7,28.1,64.9,48.7,52,25.2,35,5.6,8.6,39.6,46.1,36,41.3,64.819,77.318,80.685,1.591,"2,026",0,0,0.2,,68.5,74.8,0.888,1.08,22.706,New Haven
344,IU Indy,102.207,119.599,0.141,2–9,2,11,50.7,58.6,23,45.5,16.1,20.3,27.2,38.4,79.6,53.6,60.4,31.4,36.8,7.9,8.9,60.4,52.5,45.2,35.7,79.215,76.108,78.612,1.579,"2,026",0,0,0.2,,70.2,74,1.041,1.193,14.01,IU Indy
345,Southern Indiana,96.274,112.778,0.139,1–9,1,10,43.7,49.8,36.6,37.4,16.1,16.3,26.2,32.4,71.5,43.2,50.1,29.6,32.8,11.7,13.5,45.6,46.2,44,30,71.036,75.98,79.492,2.553,"2,026",0,0,2.633,,64.9,72.8,0.934,1.091,10.372,Southern Indiana
346,Canisius,94.843,111.184,0.138,4–7,4,11,45.3,50.3,36.5,34.3,22.3,15.1,30.2,31.7,63.2,42.5,56.5,33.5,29.3,7.4,12.3,54.8,58.9,36.6,49.2,64.238,77.243,80.483,1.701,"2,026",0,0,2.821,,67.3,73.2,0.917,1.103,14.364,Canisius
347,Stetson,98.019,115.431,0.132,2–8,2,10,47.3,56.5,30.6,27.7,19.4,17.5,24.2,32.8,68.6,47.5,58,31.4,36.3,5.5,7,50.4,55.5,43.8,41.8,67.846,76.8,80.512,1.602,"2,026",0,0,2.93,,64.3,71.3,0.932,1.151,18.932,Stetson
348,NJIT,93.831,110.561,0.132,4–8,4,12,44.9,49.5,34,33.4,20.9,14.7,24.8,36.4,69.8,43.3,50.1,31.1,32.4,8.1,11.4,51.4,54,48.7,40.4,69.529,76.589,80.552,0.84,"2,026",0,0,0.2,,69.6,68.2,0.903,1.11,16.311,NJIT
349,Maryland Eastern Shore,96.405,113.651,0.131,2–12,2,14,46.2,51.2,21.7,37.5,23.8,15.7,30.3,34.2,64.2,49.6,52.2,26.7,33.2,7.7,10.2,58.1,59.7,35.1,42.9,62.963,77.822,80.441,2.372,"2,026",0,0,0.2,,64.1,75,0.887,1.13,24.755,Maryland Eastern Shore
350,Rider,93.825,111.362,0.122,0–9,0,9,38.3,52.5,28.9,32.1,21.6,13,32.7,32.1,66.5,38.5,53.8,25.2,33.6,9.4,13,37.3,55,29.5,38.9,66.946,77.536,80.502,1.731,"2,026",0,0,10.438,,73,64.9,0.835,1.14,28.162,Rider
351,North Carolina Central,95.847,114.407,0.116,0–10,0,10,39.7,57,41.1,46.1,17.7,17.6,26.1,38.6,68.3,38.4,59.8,28.1,36,9.5,16.3,56,65.2,33.5,48.2,67.769,76.142,79.389,2.495,"2,026",0,0,0.2,,76.7,70.7,0.896,1.226,33.952,North Carolina Central
352,Delaware St.,92.326,111.812,0.1,2–8,2,10,40.9,57,27.1,34.6,18.5,19.8,24.5,29.5,67.4,39.2,59.9,30.2,35.2,4.9,11,45.1,58.7,27.9,40.3,67.803,76.039,79.933,1.898,"2,026",0,0,0.2,,67.5,68.6,0.851,1.096,15.539,Delaware St.
353,The Citadel,99.797,121.013,0.098,0–10,0,10,47.5,57.4,28.5,38.3,17,12.5,27.7,30.7,65.4,50.2,61.4,29.3,34.7,6,12.4,46.2,54.4,43.2,43.4,66.089,76.664,78.819,1.904,"2,026",0,0,0.2,,62.3,68.5,0.98,1.216,13.72,The Citadel
354,Saint Francis,96.273,116.768,0.098,0–11,0,11,45.4,62.9,19.9,34,19.9,18.3,25.7,33.7,72,44.4,65,31.5,40.4,5.1,12.4,49.8,63.6,36.8,46.7,70.993,76.618,78.831,2.284,"2,026",0,0,0.2,,70.1,71.4,0.891,1.247,24.436,Saint Francis
355,Western Illinois,98.35,119.386,0.097,1–8,1,9,44.8,55.5,37.8,38.5,18.3,15,30.3,34,67.2,45,54.6,29.5,37.8,7.3,11.6,30,51.8,29.2,42.4,65.902,77.07,79.026,2.184,"2,026",0,0,0.2,,65.8,72.3,0.955,1.188,16.65,Western Illinois
356,Louisiana Monroe,98.216,119.54,0.095,1–10,1,11,49.1,57.4,35.2,25.8,18.8,15.2,24.3,34,70.3,46.7,58.2,34.6,37.5,7.6,12.7,55.5,59.4,44.5,38.9,71.229,76.661,78.997,1.25,"2,026",0,0,0.2,,71.4,67.9,0.991,1.192,14.378,Louisiana Monroe
357,Fairleigh Dickinson,98.041,119.946,0.09,0–8,0,8,46.1,60.4,28,36.9,19.9,15.9,30.1,31.7,69.8,45.4,57.6,31.3,42.6,7.6,12.2,51.9,59.6,50.2,44.4,69.364,77.415,80.623,2.274,"2,026",0,0,0.578,,64.9,67.8,0.945,1.23,24.453,Fairleigh Dickinson
358,Niagara,95.02,116.338,0.089,2–9,2,11,46.2,56.5,31.1,39.8,18.7,18.1,22.2,33.1,65.8,47.7,53.9,29.3,40.1,9.5,12.1,57.8,56.4,39.6,42.9,64.808,76.091,79.544,2.192,"2,026",0,0,0.2,,71.4,75.6,0.929,1.164,17.317,Niagara
359,Maine,90.282,112.009,0.077,1–13,1,14,48.8,51.2,33.9,35.2,23.1,19.9,24.5,38.4,65,50.1,54,30.9,31.3,11.3,8.7,48.5,55.1,35.2,38.8,65.018,77.114,80.551,2.025,"2,026",0,0,4.864,,61.5,67,0.898,1.086,11.209,Maine
360,Gardner Webb,94.883,118.66,0.071,0–12,0,12,45.5,59.8,31.3,31.8,21.1,14.3,24.1,35.6,72.2,45.1,62.1,30.7,37.8,7.3,9.4,42.6,61.3,41.1,43.2,72.729,76.239,79.239,1.397,"2,026",0,0,4.839,,70.8,70.2,0.9,1.263,24.89,Gardner Webb
361,Morgan St.,97.945,122.678,0.07,1–10,1,11,45.1,58.5,39.7,57.9,19.3,16.2,29.8,32.4,69.4,46.3,61.4,28.3,36.2,8,10.5,50.8,64,32.1,40.2,69.734,76.617,80.306,2.513,"2,026",0,0,0.2,,75.1,72.9,0.97,1.221,13.883,Morgan St.
362,South Carolina St.,94.197,118.149,0.069,0–12,0,12,43.5,56.8,36.7,47.1,20.7,16.4,31.7,39.5,71.8,41.1,60.8,32.4,34.3,8.9,11.1,46.5,62.1,31.6,43.5,70.622,77.943,81.036,1.603,"2,026",0,0,0.2,,63.6,73.1,0.911,1.232,17.854,South Carolina St.
363,Binghamton,96.692,122.496,0.062,1–10,1,11,46.4,56.2,52.4,29.8,22.4,13.4,25.6,31.5,66.5,48.6,57.1,27.9,36.5,8.6,11.3,48.7,48.2,32.2,36.6,67.823,76.716,80.093,2.327,"2,026",0,0,7.242,,76.4,71.9,0.96,1.191,10.87,Binghamton
364,Coppin St.,92.842,122.712,0.039,1–13,1,14,43.3,58.3,34.4,40.6,22.5,16,27.4,37.3,70.3,43.1,59.1,29.1,38.2,8.4,12.5,54,64.1,34.1,47,70.298,77.635,80.447,2.051,"2,026",0,0,3.532,,72.4,76.7,0.881,1.253,17.977,Coppin St.
365,Mississippi Valley St.,89.986,119.464,0.037,0–11,0,11,43.4,57,29.9,49,25.2,15,26,37.9,73.1,45.1,58.5,26.3,36.9,11,6.8,53.2,64.9,30.2,48.1,69.567,77.082,80.684,2.412,"2,026",0,0,0.2,,75,74.9,0.839,1.254,21.082,Mississippi Valley St.